	fluxes	reduced_costs
DM_4CRSOL	0.00021511637888491002	0.0
DM_5DRIB	0.0002228335583964675	0.0
DM_AACALD	0.0	0.0
DM_AMOB	1.9292948778915698e-06	0.0
DM_MTHTHF	0.0012926275681873767	0.0
DM_OXAM	0.0	0.0
Ec_biomass_iJO1366_WT_53p95M	0.9646474389457849	-9.34071342408721e-15
Ec_biomass_iJO1366_core_53p95M	0.0	-1.9403628223429548
EX_12ppd_R_e_	0.0	0.0
EX_12ppd_S_e_	0.0	-0.11454147051385655
EX_14glucan_e_	0.0	-1.2162221596380347
EX_15dap_e_	0.0	0.0
EX_23camp_e_	0.0	-0.3446656976371486
EX_23ccmp_e_	0.0	-0.29780782333602585
EX_23cgmp_e_	0.0	-0.33633540887250446
EX_23cump_e_	0.0	-0.27906467361557663
EX_23dappa_e_	0.0	-0.07705517107295781
EX_26dap_M_e_	0.0	-0.24157837417467926
EX_2ddglcn_e_	0.0	-0.17701863624868663
EX_34dhpac_e_	0.0	0.0
EX_3amp_e_	0.0	-0.3446656976371486
EX_3cmp_e_	0.0	-0.29780782333602585
EX_3gmp_e_	0.0	-0.33633540887250446
EX_3hcinnm_e_	0.0	-0.23949580198351728
EX_3hpp_e_	0.0	0.0
EX_3hpppn_e_	0.0	-0.24782609074816142
EX_3ump_e_	0.0	-0.27906467361557663
EX_4abut_e_	0.0	-0.1416149089989498
EX_4hoxpacd_e_	0.0	0.0
EX_5dglcn_e_	0.0	-0.166605775292881
EX_5mtr_e_	0.006505582328250373	0.0
EX_LalaDglu_e_	0.0	-0.24574351855700113
EX_LalaDgluMdap_e_	0.0	-0.5060650424521298
EX_LalaDgluMdapDala_e_	0.0	-0.6039459354366978
EX_LalaLglu_e_	0.0	-0.24574351855700113
EX_ac_e_	0.0	-0.054146876970186386
EX_acac_e_	0.0	-0.11662404270501692
EX_acald_e_	0.0	-0.07705517107295778
EX_acgal_e_	0.0	0.0
EX_acgal1p_e_	0.0	-0.0
EX_acgam_e_	0.0	-0.30405553990950884
EX_acgam1p_e_	0.0	-0.30405553990950884
EX_acmana_e_	0.0	-0.30405553990950884
EX_acmum_e_	0.0	-0.3977712885117549
EX_acnam_e_	0.0	-0.3811107109824665
EX_acolipa_e_	0.0	-4.352575879526536
EX_acser_e_	0.0	0.0
EX_ade_e_	0.0	-0.16972963357962306
EX_adn_e_	0.0	-0.3446656976371486
EX_adocbl_e_	0.0	-0.3529959864017927
EX_ag_e_	0.0	0.0
EX_agm_e_	0.0	-0.19576178596913696
EX_akg_e_	0.0	-0.13328462023430548
EX_ala_B_e_	0.0	-0.10204603736689011
EX_ala_D_e_	0.0	-0.09371574860224621
EX_ala_L_e_	0.0	-0.09371574860224621
EX_alaala_e_	0.0	-0.1915966415868145
EX_all_D_e_	0.0	-0.19159664158681367
EX_alltn_e_	0.0	-0.12183047318291898
EX_amp_e_	0.0	-0.3446656976371486
EX_anhgm_e_	0.0	-0.7080745449947465
EX_arab_L_e_	0.0	-0.1645232031017204
EX_arbt_e_	0.0	0.0
EX_arbtn_e_	0.0	0.0
EX_arbtn_fe3_e_	0.0	-5.551115123125783e-17
EX_arg_L_e_	0.0	-0.2207526522630694
EX_ascb_L_e_	0.0	-0.1666057752928815
EX_asn_L_e_	0.0	-0.11245889832269523
EX_aso3_e_	0.0	0.0
EX_asp_L_e_	0.0	-0.10412860955805114
EX_btn_e_	0.0	-1.585878723569121
EX_but_e_	0.0	-0.14578005338127142
EX_butso3_e_	0.0	-0.22700036883655278
EX_ca2_e_	-0.004776934117659526	0.0
EX_cbi_e_	0.0	0.0
EX_cbl1_e_	-0.00021511637888491002	0.0
EX_cd2_e_	0.0	0.0
EX_cgly_e_	0.0	-0.26761052656419315
EX_chol_e_	0.0	0.0
EX_chtbs_e_	0.0	-0.6081110798190176
EX_cit_e_	0.0	-0.14994519776359388
EX_cl_e_	-0.004776934117659526	0.0
EX_cm_e_	0.0	0.0
EX_cmp_e_	0.0	-0.29780782333602585
EX_co2_e_	20.551225308031643	0.0
EX_cobalt2_e_	-2.3151538534698836e-05	0.0
EX_colipa_e_	0.0	-6.997442562301036
EX_colipap_e_	0.0	0.0
EX_cpgn_e_	0.0	-0.0020825721911610917
EX_cpgn_un_e_	0.0	-0.0020825721911610917
EX_crn_e_	0.0	0.0
EX_crn_D_e_	0.0	0.0
EX_csn_e_	0.0	-0.10621118174921212
EX_cu_e_	0.0	-0.0
EX_cu2_e_	-0.0006501723738494591	0.0
EX_cyan_e_	0.0	0.0
EX_cynt_e_	0.0	-0.002082572191161036
EX_cys_D_e_	0.0	-0.16035805871940048
EX_cys_L_e_	0.0	-0.17910120843984967
EX_cytd_e_	0.0	-0.29780782333602585
EX_dad_2_e_	0.0	-0.36757399173991995
EX_damp_e_	0.0	-0.36757399173991995
EX_dca_e_	0.0	-0.420679582614527
EX_dcmp_e_	0.0	-0.304055539909509
EX_dcyt_e_	0.0	-0.304055539909509
EX_ddca_e_	0.0	-0.5331384809372224
EX_dgmp_e_	0.0	-0.3592437029752758
EX_dgsn_e_	0.0	-0.3592437029752758
EX_dha_e_	0.0	-0.09996346517572892
EX_dimp_e_	0.0	-0.36340884735759793
EX_din_e_	0.0	-0.36340884735759793
EX_dms_e_	0.0	0.0
EX_dmso_e_	0.0	0.0
EX_dopa_e_	0.0	0.0
EX_doxrbcn_e_	0.0	0.0
EX_dtmp_e_	0.0	-0.35507855859295423
EX_dump_e_	0.0	-0.301972967718348
EX_duri_e_	0.0	-0.301972967718348
EX_eca4colipa_e_	0.0	0.0
EX_enlipa_e_	0.0	0.0
EX_enter_e_	0.0	-1.0600292453009579
EX_etha_e_	0.0	-0.07497259888179675
EX_ethso3_e_	0.0	-0.1436974811901119
EX_etoh_e_	0.0	-0.09163317641108504
EX_f6p_e_	0.0	-0.20617464692494075
EX_fald_e_	0.0	-0.02603215238951284
EX_fe2_e_	-0.014978080784509755	0.0
EX_fe3_e_	0.0	0.0
EX_fe3dcit_e_	0.0	-0.30301425381392955
EX_fe3dhbzs_e_	0.0	-0.34883084201947057
EX_fe3hox_e_	0.0	-0.0020825721911610917
EX_fe3hox_un_e_	0.0	-0.0020825721911610917
EX_fecrm_e_	0.0	-0.0020825721911610917
EX_fecrm_un_e_	0.0	-0.0020825721911610917
EX_feenter_e_	0.0	-1.0600292453009579
EX_feoxam_e_	0.0	-0.0020825721911610917
EX_feoxam_un_e_	0.0	-0.0020825721911610917
EX_for_e_	0.0	-0.013536719242546624
EX_fru_e_	0.0	-0.19992693035145784
EX_frulys_e_	0.0	-0.445670448908459
EX_fruur_e_	0.0	-0.16244063091055938
EX_fuc_L_e_	0.0	-0.1978443581602971
EX_fum_e_	0.0	-0.09996346517572896
EX_fusa_e_	0.0	0.0
EX_g1p_e_	0.0	-0.19992693035145784
EX_g3pc_e_	0.0	-0.12495433146966134
EX_g3pe_e_	0.0	-0.22075265226306806
EX_g3pg_e_	0.0	-0.2582389517039665
EX_g3pi_e_	0.0	-0.12495433146966134
EX_g3ps_e_	0.0	-0.2124223634984242
EX_g6p_e_	0.0	-0.20617464692494075
EX_gal_e_	0.0	-0.19784435816029672
EX_gal_bD_e_	0.0	-0.19784435816029672
EX_gal1p_e_	0.0	-0.19784435816029672
EX_galct_D_e_	0.0	-0.1416149089989492
EX_galctn_D_e_	0.0	-0.17701863624868663
EX_galctn_L_e_	0.0	-0.17701863624868663
EX_galt_e_	0.0	-0.214504935689585
EX_galur_e_	0.0	-0.16244063091055938
EX_gam_e_	0.0	-0.20825721911610193
EX_gam6p_e_	0.0	-0.21450493568958484
EX_gbbtn_e_	0.0	0.0
EX_gdp_e_	0.0	0.0
EX_glc_e_	-10.0	-0.19992693035145784
EX_glcn_e_	0.0	-0.1832663528221694
EX_glcr_e_	0.0	-0.1416149089989492
EX_glcur_e_	0.0	-0.16244063091055938
EX_glcur1p_e_	0.0	-0.16244063091055938
EX_gln_L_e_	0.0	-0.15202776995475492
EX_glu_L_e_	0.0	-0.14994519776359388
EX_gly_e_	0.0	-0.051023018683445054
EX_glyald_e_	0.0	-0.10204603736689
EX_glyb_e_	0.0	0.0
EX_glyc_e_	0.0	-0.11662404270501725
EX_glyc_R_e_	0.0	-0.07705517107295773
EX_glyc2p_e_	0.0	-0.11662404270501725
EX_glyc3p_e_	0.0	-0.12495433146966134
EX_glyclt_e_	0.0	-0.04581658820554346
EX_gmp_e_	0.0	-0.33633540887250446
EX_gsn_e_	0.0	-0.33633540887250446
EX_gthox_e_	0.0	0.0
EX_gthrd_e_	0.0	-0.41755572432778704
EX_gtp_e_	0.0	-0.0
EX_gua_e_	0.0	-0.16348191700613995
EX_h_e_	8.558969452687913	0.0
EX_h2_e_	0.0	-0.012495433146966217
EX_h2o_e_	45.42696502862776	0.0
EX_h2o2_e_	0.0	0.0
EX_h2s_e_	0.0	-0.08955060421992572
EX_hacolipa_e_	0.0	0.0
EX_halipa_e_	0.0	0.0
EX_hdca_e_	0.0	-0.7164048337593927
EX_hdcea_e_	0.0	-0.7018268284212654
EX_hg2_e_	0.0	0.0
EX_his_L_e_	0.0	-0.22179393835864825
EX_hom_L_e_	0.0	0.0
EX_hxa_e_	0.0	-0.24574351855700072
EX_hxan_e_	0.0	-0.1676470613884621
EX_idon_L_e_	0.0	-0.18118378063100826
EX_ile_L_e_	0.0	-0.2624040960862898
EX_imp_e_	0.0	-0.3405005532548266
EX_indole_e_	0.0	-0.3436244115415681
EX_inost_e_	0.0	0.0
EX_ins_e_	0.0	-0.3405005532548266
EX_isetac_e_	0.0	-0.12703690366082482
EX_k_e_	-0.17912538293784278	0.0
EX_kdo2lipid4_e_	0.0	0.0
EX_lac_D_e_	0.0	-0.09163317641108507
EX_lac_L_e_	0.0	-0.08538545983760204
EX_lcts_e_	0.0	-0.3977712885117545
EX_leu_L_e_	0.0	-0.2353306576011957
EX_lipa_e_	0.0	0.0
EX_lipa_cold_e_	0.0	0.0
EX_lipoate_e_	0.0	-0.9163317641108526
EX_lys_L_e_	0.0	-0.24574351855700127
EX_lyx_L_e_	0.0	-0.1645232031017204
EX_mal_D_e_	0.0	-0.09163317641108507
EX_mal_L_e_	0.0	-0.09996346517572895
EX_malt_e_	0.0	-0.39985386070291545
EX_malthx_e_	0.0	-1.2162221596380347
EX_maltpt_e_	0.0	-1.0079649405219329
EX_malttr_e_	0.0	-0.5997807910543731
EX_maltttr_e_	0.0	-0.7997077214058308
EX_man_e_	0.0	-0.19992693035145784
EX_man6p_e_	0.0	-0.20617464692494075
EX_manglyc_e_	0.0	-0.27906467361557663
EX_melib_e_	0.0	-0.3977712885117545
EX_meoh_e_	1.9292948778915698e-06	0.0
EX_met_D_e_	0.0	0.0
EX_met_L_e_	0.0	-0.305096826005092
EX_metsox_R_L_e_	0.0	-0.2884362484758036
EX_metsox_S_L_e_	0.0	-0.2884362484758036
EX_mg2_e_	-0.007961235313619563	0.0
EX_mincyc_e_	0.0	0.0
EX_minohp_e_	0.0	-0.0
EX_mmet_e_	0.0	-0.36028498907085915
EX_mn2_e_	-0.0006347380148263264	0.0
EX_mnl_e_	0.0	-0.2145049356895851
EX_mobd_e_	-0.00013215669913557251	0.0
EX_mso3_e_	0.0	-0.09267446250666694
EX_n2o_e_	0.0	0.0
EX_na1_e_	0.0	0.0
EX_nac_e_	0.0	-0.1915966415868135
EX_nh4_e_	-10.134855130199869	0.0
EX_ni2_e_	-0.0002961467637563559	0.0
EX_nmn_e_	0.0	-0.3915235719382714
EX_no_e_	0.0	-0.007289002669063793
EX_no2_e_	0.0	-0.018743149720449492
EX_no3_e_	0.0	-0.01457800533812742
EX_novbcn_e_	0.0	0.0
EX_o16a4colipa_e_	0.0	-4.352575879526536
EX_o2_e_	-18.588488997374125	0.0
EX_o2s_e_	0.0	0.0
EX_ocdca_e_	0.0	-0.7872122882588671
EX_ocdcea_e_	0.0	-0.7934600048323506
EX_octa_e_	0.0	-0.32904640620344183
EX_orn_e_	0.0	-0.197844358160298
EX_orot_e_	0.0	-0.10412860955805109
EX_pacald_e_	0.0	-0.26032152389512786
EX_peamn_e_	0.0	-0.26032152389512786
EX_phe_L_e_	0.0	-0.3540372724973735
EX_pheme_e_	0.0	0.0
EX_pi_e_	-0.8943690144288329	0.0
EX_pnto_R_e_	0.0	-0.33633540887250546
EX_ppa_e_	0.0	-0.09163317641108515
EX_ppal_e_	0.0	-0.10829375394037355
EX_pppn_e_	0.0	-0.2624040960862887
EX_ppt_e_	0.0	-0.012495433146966217
EX_pro_L_e_	0.0	-0.18951406939565368
EX_progly_e_	0.0	-0.23637194369677672
EX_psclys_e_	0.0	-0.445670448908459
EX_pser_L_e_	0.0	-0.08746803202876285
EX_ptrc_e_	0.0	-0.19576178596913696
EX_pydam_e_	0.0	-0.2936426789537039
EX_pydx_e_	0.0	-0.2790646736155763
EX_pydxn_e_	0.0	-0.29364267895370355
EX_pyr_e_	0.0	-0.07705517107295781
EX_quin_e_	0.0	-0.24157837417467826
EX_r5p_e_	0.0	-0.15827548652823734
EX_rfamp_e_	0.0	0.0
EX_rib_D_e_	0.0	-0.15827548652823734
EX_rmn_e_	0.0	-0.1978443581602971
EX_sbt_D_e_	0.0	-0.2145049356895851
EX_sel_e_	0.0	0.0
EX_ser_D_e_	0.0	-0.08746803202876285
EX_ser_L_e_	0.0	-0.08746803202876285
EX_skm_e_	0.0	-0.24366094636583918
EX_slnt_e_	0.0	0.0
EX_so2_e_	0.0	0.0
EX_so3_e_	0.0	0.0
EX_so4_e_	-0.24307475560787548	0.0
EX_spmd_e_	0.0	-0.6903726813698816
EX_succ_e_	0.0	-0.1082937539403731
EX_sucr_e_	0.0	-0.3998538607029156
EX_sulfac_e_	0.0	-0.10621118174921446
EX_tartr_D_e_	0.0	-0.08330288764644067
EX_tartr_L_e_	0.0	-0.08538545983760171
EX_taur_e_	0.0	-0.010412860955806236
EX_tcynt_e_	0.0	0.0
EX_thm_e_	0.0	-1.0975155447418594
EX_thr_L_e_	0.0	-0.15202776995475514
EX_thrp_e_	0.0	-0.15202776995475514
EX_thym_e_	0.0	0.0
EX_thymd_e_	0.0	-0.35507855859295423
EX_tma_e_	0.0	0.0
EX_tmao_e_	0.0	0.0
EX_tre_e_	0.0	-0.3998538607029156
EX_trp_L_e_	0.0	-0.4227621548056869
EX_tsul_e_	0.0	0.0
EX_ttdca_e_	0.0	-0.6039459354366973
EX_ttdcea_e_	0.0	-0.6060285076278581
EX_ttrcyc_e_	0.0	0.0
EX_tungs_e_	0.0	0.0
EX_tym_e_	0.0	0.0
EX_tyr_L_e_	0.0	-0.33945926715924624
EX_tyrp_e_	0.0	-0.33945926715924624
EX_uacgam_e_	0.0	-0.5831202135250855
EX_udpacgal_e_	0.0	-0.27906467361557663
EX_udpg_e_	0.0	-0.47899160396703444
EX_udpgal_e_	0.0	-0.47690903177587335
EX_udpglcur_e_	0.0	-0.441505304526136
EX_ump_e_	0.0	-0.27906467361557663
EX_ura_e_	0.0	-0.10412860955805109
EX_urea_e_	0.0	0.0
EX_uri_e_	0.0	-0.27906467361557663
EX_val_L_e_	0.0	-0.18743149720449243
EX_xan_e_	0.0	-0.15306905605033486
EX_xmp_e_	0.0	-0.32592254791669933
EX_xtsn_e_	0.0	-0.32592254791669933
EX_xyl_D_e_	0.0	-0.1645232031017204
EX_xylu_L_e_	0.0	-0.1645232031017204
EX_zn2_e_	-0.0003125457702184343	0.0
12DGR120tipp	0.0	-0.010412860955805181
12DGR140tipp	0.0	-0.018743149720449326
12DGR141tipp	0.0	-0.010412860955805181
12DGR160tipp	0.0	-0.010412860955805181
12DGR161tipp	0.0	-0.010412860955805181
12DGR180tipp	0.0	-0.010412860955805181
12DGR181tipp	0.0	-0.008330288764644367
12PPDRtex	0.0	0.0
12PPDRtpp	0.0	0.0
12PPDStex	0.0	0.0
12PPDStpp	0.0	0.0
14GLUCANabcpp	0.0	5.551115123125783e-17
14GLUCANtexi	0.0	0.0
23CAMPtex	0.0	0.0
23CCMPtex	0.0	0.0
23CGMPtex	0.0	0.0
23CUMPtex	0.0	0.0
23DAPPAt2pp	0.0	0.0
23DAPPAtex	0.0	0.0
23PDE2pp	0.0	0.0
23PDE4pp	0.0	0.0
23PDE7pp	0.0	0.0
23PDE9pp	0.0	0.0
26DAHtex	0.0	0.0
2AGPA120tipp	0.0	0.0
2AGPA140tipp	0.0	0.0
2AGPA141tipp	0.0	0.0
2AGPA160tipp	0.0	0.0
2AGPA161tipp	0.0	-0.01457800533812692
2AGPA180tipp	0.0	-0.014578005338127031
2AGPA181tipp	0.0	0.0
2AGPE120tipp	0.0	-0.004165144382322072
2AGPE140tipp	0.0	0.0
2AGPE141tipp	0.0	0.0
2AGPE160tipp	0.0	0.0
2AGPE161tipp	0.0	-0.00416514438232185
2AGPE180tipp	0.0	0.0
2AGPE181tipp	0.0	0.0
2AGPEAT120	0.0	-2.7755575615628914e-17
2AGPEAT140	0.0	-0.02499086629393249
2AGPEAT141	0.0	-0.008330288764644311
2AGPEAT160	0.0	5.551115123125783e-17
2AGPEAT161	0.0	5.551115123125783e-17
2AGPEAT180	0.0	8.326672684688674e-17
2AGPEAT181	0.0	-0.004165144382321739
2AGPG120tipp	0.0	0.0
2AGPG140tipp	0.0	0.0
2AGPG141tipp	0.0	0.0
2AGPG160tipp	0.0	0.0
2AGPG161tipp	0.0	-0.00416514438232185
2AGPG180tipp	0.0	0.0
2AGPG181tipp	0.0	0.0
2AGPGAT120	0.0	-0.004165144382322017
2AGPGAT140	0.0	-0.010412860955804903
2AGPGAT141	0.0	-0.008330288764643867
2AGPGAT160	0.0	-1.1102230246251565e-16
2AGPGAT161	0.0	-5.551115123125783e-17
2AGPGAT180	0.0	-0.004165144382322017
2AGPGAT181	0.0	-0.004165144382322183
2DGULRGx	0.0	5.551115123125783e-17
2DGULRGy	0.0	-0.002082572191161036
2DGULRx	0.0	-0.002082572191161036
2DGULRy	0.0	-0.004165144382322183
2MAHMP	0.0	-0.00833028876464409
34dhpactex	0.0	0.0
3AMACHYD	0.0	-0.14786262557243296
3AMPtex	0.0	0.0
3CMPtex	0.0	0.0
3GMPtex	0.0	0.0
3HAD100	0.0	0.0
3HAD120	0.0	0.0
3HAD121	0.0	0.0
3HAD140	0.0	0.0
3HAD141	0.0	0.0
3HAD160	0.0	0.0
3HAD161	0.0	0.0
3HAD180	0.0	0.0
3HAD181	0.0	0.0
3HAD40	0.0	0.0
3HAD60	0.0	0.0
3HAD80	0.0	-0.0166605775292884
3HCINNMH	0.0	0.0
3HPPPNH	0.0	0.0
3HPPtex	0.0	-0.0
3HPPtpp	0.0	0.0
3KGK	0.0	0.0
3NTD2pp	0.0	0.0
3NTD4pp	0.0	0.0
3NTD7pp	0.0	0.0
3NTD9pp	0.0	0.0
3OAR100	0.0	-0.0
3OAR120	0.0	0.0
3OAR121	0.0	-0.01041286095580507
3OAR140	0.03145136509938837	0.0
3OAR141	0.0	0.0
3OAR160	0.0	0.0
3OAR161	0.0	0.0
3OAR180	0.0	0.0
3OAR181	0.0	0.0
3OAR40	0.0	0.0
3OAR60	0.0	0.0
3OAR80	0.0	0.0
3OAS100	0.0	-0.020825721911610473
3OAS120	0.0	0.0
3OAS121	0.0	0.0
3OAS140	0.03145136509938837	0.0
3OAS141	0.0	0.0
3OAS160	0.0	-0.010412860955805459
3OAS161	0.0	-0.010412860955805125
3OAS180	0.0	-0.031238582867415654
3OAS181	0.0	-0.01041286095580507
3OAS60	0.0	0.0
3OAS80	0.0	-0.006247716573483109
3OXCOAT	0.0	-5.551115123125783e-17
3PEPTabcpp	0.0	-1.3877787807814457e-16
3PEPTtex	0.0	0.0
3UMPtex	0.0	0.0
42A12BOOXpp	0.0	0.0
4HOXPACDtex	0.0	0.0
4HTHRS	0.0	0.0
4PCP	0.0	-0.002082572191161036
4PCPpp	0.0	-0.00416514438232185
4PEPTabcpp	0.0	-2.7755575615628914e-17
4PEPTtex	0.0	0.0
5DGLCNR	0.0	0.0
5DGLCNt2rpp	0.0	0.0
5DGLCNtex	0.0	0.0
5DOAN	0.0002228335583964675	0.0
5MTRtex	-0.006505582328250373	-0.0
5MTRtpp	0.006505582328250373	0.0
A5PISO	0.023588523824541276	0.0
AACPS1	0.007862841274847092	2.7755575615628914e-17
AACPS2	0.0	-2.7755575615628914e-17
AACPS3	0.1170136636390016	2.7755575615628914e-17
AACPS4	0.09101255656965691	2.7755575615628914e-17
AACPS5	0.04690694636617773	1.942890293094024e-16
AACPS6	0.0	-5.551115123125783e-17
AACPS7	0.03931420637423546	-2.7755575615628914e-17
AACPS8	0.0	0.0
AACPS9	0.0	5.551115123125783e-17
AACTOOR	0.0	0.0
AADDGT	0.0	-1.1102230246251565e-16
AAMYL	0.0	0.0
AAMYLpp	0.0	0.0
AB6PGH	0.0	0.0
ABTA	0.0	0.0
ABUTD	0.0	0.0
ABUTt2pp	0.0	0.0
ABUTtex	0.0	0.0
ACACCT	0.0	-5.551115123125783e-17
ACACT1r	0.30211310816623566	0.0
ACACT2r	0.30211310816623566	5.551115123125783e-17
ACACT3r	0.30211310816623566	5.551115123125783e-17
ACACT4r	0.3021102142239188	5.551115123125783e-17
ACACT5r	0.3021102142239188	5.551115123125783e-17
ACACT6r	0.2627960078496834	5.551115123125783e-17
ACACT7r	0.2549331665748363	5.551115123125783e-17
ACACT8r	-0.04690694636617773	5.551115123125783e-17
ACACt2pp	0.0	0.0
ACACtex	0.0	0.0
ACALD	0.0	0.0
ACALDtex	0.0	0.0
ACALDtpp	0.0	0.0
ACANTHAT	0.0	-0.33529412277692394
ACBIPGT	0.0	0.0
ACCOAC	0.03148705705462936	0.0
ACCOAL	0.0	5.551115123125783e-17
ACGAL1PPpp	0.0	0.0
ACGAL1Ptex	0.0	0.0
ACGALtex	0.0	-0.0
ACGAM1PPpp	0.0	0.0
ACGAM1Ptex	0.0	0.0
ACGAMK	0.0	0.0
ACGAMT	0.0	-2.5803069448485054
ACGAptspp	0.0	0.0
ACGAtex	0.0	0.0
ACGK	0.3158583695237741	0.0
ACGS	0.3158583695237741	5.551115123125783e-17
ACHBS	0.27232575989902874	0.0
ACKr	0.0	0.0
ACLS	0.819504655987124	0.0
ACM6PH	0.0	0.0
ACMAMUT	0.0	0.0
ACMANAptspp	0.0	-1.3877787807814457e-17
ACMANAtex	0.0	0.0
ACMUMptspp	0.0	-1.3877787807814457e-17
ACMUMtex	0.0	0.0
ACNAMt2pp	0.0	0.0
ACNAMtex	0.0	0.0
ACNML	0.0	1.3877787807814457e-17
ACOAD1f	-0.30211310816623566	-0.0
ACOAD2f	-0.30211310816623566	-0.0
ACOAD3f	-0.30211310816623566	-0.0
ACOAD4f	-0.3021102142239188	-0.0
ACOAD5f	-0.3021102142239188	-0.0
ACOAD6f	-0.2627960078496834	-0.0
ACOAD7f	-0.16392061000517932	-1.1102230246251565e-16
ACOAD8f	0.0	0.0
ACOATA	0.0	0.0
ACODA	0.3158583695237741	0.0
ACOLIPAabctex	0.0	2.7755575615628914e-17
ACONIs	0.0	-0.0
ACONMT	0.0	0.0
ACONTa	5.424291769238667	0.0
ACONTb	5.424291769238667	0.0
ACOTA	-0.3158583695237741	-0.0
ACPPAT120	0.0	2.7755575615628914e-17
ACPPAT140	0.0	0.0
ACPPAT141	0.0	-0.00833028876464409
ACPPAT160	0.0585068318195008	0.0
ACPPAT161	0.04550627828482846	0.0
ACPPAT180	0.0	2.7755575615628914e-17
ACPPAT181	0.023453473183088866	2.7755575615628914e-17
ACPS1	0.0	5.551115123125783e-17
ACS	0.5706786723482535	0.0
ACSERtex	0.0	0.0
ACSERtpp	0.0	-0.15202776995475442
ACt2rpp	-0.004776934117659526	-0.0
ACt4pp	0.004776934117659526	0.0
ACtex	0.0	-0.0
ADA	0.0	-0.0020825721911609807
ADCL	0.0008604655155395368	-1.3877787807814457e-17
ADCS	0.0008604655155395368	0.0
ADD	0.0	-0.002082572191160953
ADEt2rpp	0.0	0.0
ADEtex	0.0	0.0
ADK1	3.7712235665326888	0.0
ADK3	-0.7473847195092185	-0.0
ADK4	0.0	-0.0
ADMDC	0.006505582328250373	0.0
ADNCYC	0.0	-0.00833028876464409
ADNK1	0.0	0.0
ADNUC	0.0	-0.008330288764644117
ADNt2pp	0.0	0.0
ADNt2rpp	0.0	0.0
ADNtex	0.0	0.0
ADOCBIK	0.0	-0.006247716573483109
ADOCBLS	0.0	0.0
ADOCBLabcpp	0.0	0.0
ADOCBLtonex	0.0	0.0
ADPRDP	0.0	-0.008330288764644034
ADPT	0.008021043454834217	0.0
ADSK	0.23909462027478517	4.996003610813204e-16
ADSL1r	0.2800969596671742	0.0
ADSL2r	0.41948851459484016	0.0
ADSS	0.2800969596671742	-8.326672684688674e-17
AGDC	0.0	-0.039568871632059466
AGM3PA	0.0	0.0
AGM3PApp	0.0	0.0
AGM3PH	0.0	0.0
AGM3Pt2pp	0.0	-1.1102230246251565e-16
AGM4PA	0.0	0.0
AGM4PApp	0.0	0.0
AGM4PCP	0.0	-0.0020825721911610084
AGM4PCPpp	0.0	-0.004165144382321823
AGM4PH	0.0	-1.1102230246251565e-16
AGM4Pt2pp	0.0	0.0
AGMH	0.0	0.0
AGMHE	0.03145136509938837	0.0
AGMT	0.0	0.0
AGMt2pp	0.0	-0.008330288764644034
AGMtex	0.0	0.0
AGPAT120	0.0	-5.551115123125783e-17
AGPAT140	0.0	-0.010412860955804681
AGPAT141	0.0	-5.551115123125783e-17
AGPAT160	0.0585068318195008	2.7755575615628914e-17
AGPAT161	0.04550627828482846	2.7755575615628914e-17
AGPAT180	0.0	-5.551115123125783e-17
AGPAT181	0.023453473183088866	0.0
AGPR	-0.3158583695237741	-0.0
AGt3	0.0	-0.002082572191161036
AHCYSNS	0.0012926275681873767	0.0
AICART	0.5082900992344332	0.0
AIRC2	0.41948851459484016	0.0
AIRC3	-0.41948851459484016	-0.0
AKGDH	4.374614517139568	0.0
AKGt2rpp	0.0	0.0
AKGtex	0.0	0.0
ALAALAD	0.0	-0.00833028876464409
ALAALAabcpp	0.0031785133113263614	0.0
ALAALAr	0.023423569112481547	0.0
ALAALAtex	0.0	0.0
ALAGLUE	0.0	0.0
ALAR	0.023423569112481547	0.0
ALATA_D2	0.0	-0.002082572191160814
ALATA_L	-0.5298277826037775	-0.0
ALATA_L2	0.0	-0.002082572191160842
ALATRS	0.0	-0.1020460373668903
ALAabcpp	0.0	-0.006247716573483081
ALAt2pp	0.0	0.0
ALAt2rpp	0.0	-0.0
ALAt4pp	0.0	0.0
ALAtex	0.0	-0.0
ALCD19	0.0	0.0
ALCD2x	0.0	0.0
ALDD19xr	0.0	0.0
ALDD2x	0.0	-0.008330288764644145
ALDD2y	0.0	-0.006247716573482998
ALDD3y	0.0	0.0
ALDD4	0.0	0.0
ALLK	0.0	0.0
ALLPI	0.0	0.0
ALLTAMH	0.0	-0.07809645716853665
ALLTN	0.0	0.0
ALLTNt2rpp	0.0	0.0
ALLTNtex	0.0	0.0
ALLULPE	0.0	0.0
ALLabcpp	0.0	0.0
ALLtex	0.0	0.0
ALPATE160pp	0.0	0.0
ALPATG160pp	0.0	0.0
ALR2	0.0	0.0
ALR4x	0.0	-0.12287175927850069
ALTRH	0.0	0.0
AM3PA	0.0	0.0
AM4PA	0.0	5.551115123125783e-17
AM4PCP	0.0	-0.0020825721911608974
AMALT1	0.0	-0.008330288764644145
AMALT2	0.0	2.7755575615628914e-16
AMALT3	0.0	0.0
AMALT4	0.0	0.0
AMANAPEr	0.0	0.0
AMANK	0.0	0.0
AMAOTr	1.9292948778915698e-06	0.0
AMMQLT8	0.00021511637888491002	0.0
AMPMS2	0.00021511637888491002	0.0
AMPN	0.0	-0.008330288764644145
AMPTASECG	0.0	-0.03540372724973739
AMPTASEPG	0.0	0.0
AMPtex	0.0	0.0
ANHGMtex	0.0	0.0
ANHMK	0.0	0.0
ANPRT	0.05328133664273148	2.7755575615628914e-17
ANS	0.05328133664273148	0.0
AOBUTDs	0.0	-0.007289002669062794
AOXSr2	1.9292948778915698e-06	-1.3877787807814457e-17
AP4AH	0.0	0.0
AP4AS	0.0	-0.008330288764644145
AP5AH	0.0	0.0
APCS	0.0	-0.7466021305312289
APG3PAT120	0.0	-2.7755575615628914e-17
APG3PAT140	0.0	-2.7755575615628914e-17
APG3PAT141	0.0	-2.7755575615628914e-17
APG3PAT160	0.0585068318195008	-2.7755575615628914e-17
APG3PAT161	0.04550627828482846	-2.7755575615628914e-17
APG3PAT180	0.0	-5.551115123125783e-17
APG3PAT181	0.023453473183088866	-8.326672684688674e-17
APH120	0.0	-0.00833028876464409
APH140	0.0	-0.00833028876464409
APH141	0.0	2.7755575615628914e-17
APH160	0.0	-0.00833028876464409
APH161	0.0	-0.00833028876464409
APH180	0.0	-0.00833028876464409
APH181	0.0	-0.008330288764644533
APPLDHr	0.0	-0.0
APRAUR	0.00043023275776998257	-1.1102230246251565e-16
ARAI	0.0	0.0
ARBTNR1	0.0	-0.04789916039670383
ARBTNR2	0.0	1.9949319973733282e-17
ARBTNR3	0.0	-0.0478991603967039
ARBTNabcpp	0.0	0.0
ARBTNexs	0.0	5.551115123125783e-17
ARBTNtex	0.0	0.0
ARBTNtonex	0.0	0.0
ARBTNtpp	0.0	0.0
ARBTptspp	0.0	0.0
ARBTtex	0.0	0.0
ARBabcpp	0.0	-0.006247716573483053
ARBt2rpp	0.0	0.0
ARBt3ipp	0.0	-0.004165144382322072
ARBtex	0.0	0.0
ARGAGMt7pp	0.0	-0.0
ARGDC	0.0	-0.022908294102771398
ARGDCpp	0.0	-0.024990866293932434
ARGORNt7pp	0.0	0.0
ARGSL	0.2772589669017975	0.0
ARGSS	0.2772589669017975	0.0
ARGTRS	0.0	-0.22908294102771348
ARGabcpp	0.0	-0.006247716573483053
ARGt3pp	0.0	-0.004165144382322072
ARGtex	0.0	0.0
ASAD	-1.0091582010736213	-0.0
ASCBPL	0.0	0.0
ASCBptspp	0.0	0.0
ASCBtex	0.0	0.0
ASNN	0.0	-0.00833028876464409
ASNNpp	0.0	-0.00833028876464409
ASNS1	0.0	-0.00833028876464409
ASNS2	0.22595129891914909	0.0
ASNTRS	0.0	-0.12078918708733932
ASNabcpp	0.0	-0.006247716573483053
ASNt2rpp	0.0	0.0
ASNtex	0.0	0.0
ASO3t8pp	0.0	-0.00833028876464409
ASO3tex	0.0	0.0
ASP1DC	0.0005556369248325699	0.0
ASPCT	0.30899972623286953	0.0
ASPK	1.0091582010736213	0.0
ASPO3	0.0	-0.006247716573483331
ASPO4	0.0	-0.006247716573483775
ASPO5	0.0	-0.006247716573483442
ASPO6	0.0021984315133560806	0.0
ASPT	0.0	-0.0020825721911611472
ASPTA	-2.74965903474679	-0.0
ASPTRS	0.0	-0.11245889832269523
ASPabcpp	0.0	-0.006247716573483053
ASPt2_2pp	0.0	-0.002082572191161036
ASPt2_3pp	0.0	-0.004165144382322072
ASPt2pp	0.0	0.0
ASPt2rpp	0.0	0.0
ASPtex	0.0	0.0
ASR	0.0	-0.0166605775292884
AST	0.0	-0.045816588205542796
ATHRDHr	0.0	0.0
ATPHs	0.0	-0.01874314972044916
ATPM	8.4	-0.00833028876464409
ATPPRT	0.08880158463959317	2.7755575615628914e-17
ATPS4rpp	59.0628877500696	-2.7755575615628914e-17
BALAt2pp	0.0	0.0
BALAtex	0.0	0.0
BETALDHx	0.0	-0.002082572191161036
BETALDHy	0.0	5.551115123125783e-17
BMOCOS	0.00011189910291771105	-5.551115123125783e-17
BMOGDS1	0.00011189910291771105	-2.7755575615628914e-17
BMOGDS2	0.00011189910291771105	0.0
BPNT	0.23909462027478517	0.0
BSORx	0.0	-1.1102230246251565e-16
BSORy	0.0	-0.0020825721911612582
BTNt2ipp	0.0	0.0
BTNtex	0.0	0.0
BTS5	1.9292948778915698e-06	-2.7755575615628914e-17
BUTCT	0.0	0.0
BUTSO3abcpp	0.0	0.0
BUTSO3tex	0.0	0.0
BUTt2rpp	0.0	0.0
BUTtex	0.0	0.0
BWCOGDS1	0.0	-0.3529959864017927
BWCOGDS2	0.0	-0.3529959864017927
BWCOS	0.0	-0.5945743605764747
CA2t3pp	0.0	0.0
CA2tex	0.004776934117659526	0.0
CADVtpp	0.0	-0.24574351855700127
CAT	0.0	-0.029156010676255173
CAt6pp	-0.004776934117659526	-0.0
CBIAT	0.0	-0.0
CBItonex	0.0	-0.002082572191161036
CBIuabcpp	0.0	-0.00833028876464409
CBL1abcpp	0.00021511637888491002	0.0
CBL1tonex	0.00021511637888491002	0.0
CBLAT	0.00021511637888491002	0.0
CBMD	0.0	0.0
CBMKr	0.586258693134667	0.0
CBPS	0.0	-0.01666057752928818
CCGS	0.0	0.0
CD2abcpp	0.0	-0.00833028876464409
CD2t3pp	0.0	-0.002082572191161036
CD2tex	0.0	0.0
CD2tpp	0.0	0.0
CDAPPA120	0.0	-0.008330288764644145
CDAPPA140	0.0	-0.008330288764644145
CDAPPA141	0.0	-0.008330288764644145
CDAPPA160	0.0	-0.008330288764644367
CDAPPA161	0.0	-0.008330288764644367
CDAPPA180	0.0	-0.008330288764644145
CDAPPA181	0.0	-0.008330288764644145
CDGR	0.0	0.0
CDGS	0.0	0.0
CDPMEK	0.006391753930454765	0.0
CFAS160E	0.0	-2.1013153408814724
CFAS160G	0.0	-2.1388016403223706
CFAS180E	0.0	-2.2845816937036423
CFAS180G	0.0	-2.322067993144541
CGLYabcpp	0.0	0.0
CGLYtex	0.0	0.0
CHLabcpp	0.0	-0.006247716573483053
CHLt2pp	0.0	0.0
CHLtex	0.0	-0.0
CHOLD	0.0	0.0
CHORM	0.3031279172720066	0.0
CHORS	0.358775534082472	0.0
CHRPL	0.00021511637888491002	0.0
CHTBSptspp	0.0	-1.3877787807814457e-17
CHTBStex	0.0	0.0
CINNDO	0.0	0.0
CITL	0.0	-0.008330288764644755
CITt3pp	0.0	-0.006247716573483109
CITt7pp	0.0	0.0
CITtex	0.0	0.0
CLIPAabctex	0.0	-0.00833028876464409
CLPNH120pp	0.0	-0.01457800533812792
CLPNH140pp	0.0	0.0
CLPNH141pp	0.0	-0.01457800533812792
CLPNH160pp	0.0	-0.014578005338127475
CLPNH161pp	0.0	-0.014578005338127475
CLPNH180pp	0.0	-0.014578005338127031
CLPNH181pp	0.0	-0.016660577529287846
CLPNS120pp	0.0	0.0
CLPNS140pp	0.0	0.0
CLPNS141pp	0.0	0.0
CLPNS160pp	0.0028399220602563905	0.0
CLPNS161pp	0.002209042635185847	0.0
CLPNS180pp	0.0	0.0
CLPNS181pp	0.0011382839779560262	0.0
CLt3_2pp	0.002388467058829763	0.0
CLtex	0.004776934117659526	0.0
CMPN	0.0	-0.024990866293932296
CMPtex	0.0	0.0
CMtex	0.0	0.0
CMtpp	0.0	-0.002082572191161036
CO2tex	-20.551225308031643	-0.0
CO2tpp	-20.551225308031643	-0.0
COBALT2abcpp	0.0	-0.00833028876464409
COBALT2t3pp	0.0	-0.002082572191161036
COBALT2tex	2.3151538534698836e-05	0.0
COBALT2tpp	2.3151538534698836e-05	0.0
COLIPAKpp	0.0	-6.989112273536392
COLIPAPabctex	0.0	-0.00833028876464409
COLIPAabcpp	0.007862841274847092	2.7755575615628914e-17
COLIPAabctex	0.007862841274847092	-5.551115123125783e-17
CPGNR1	0.0	-0.04789916039670383
CPGNR2	0.0	1.9949319973733282e-17
CPGNR3	0.0	-0.0478991603967039
CPGNUtex	0.0	5.551115123125783e-17
CPGNUtpp	0.0	0.0
CPGNabcpp	0.0	0.0
CPGNexs	0.0	0.0
CPGNtonex	0.0	0.0
CPH4S	0.0	-0.29780782333602607
CPMPS	0.00023730326998066308	0.0
CPPPGO	0.00043023275776982005	0.0
CPPPGO2	0.0	-0.38319328317362733
CRNBTCT	0.0	-0.0
CRNCAL2	0.0	-0.9225794806843345
CRNCAR	0.0	0.0
CRNCBCT	0.0	-0.0
CRNCDH	0.0	-0.0
CRNDCAL2	0.0	-0.9225794806843345
CRNDabcpp	0.0	-0.006247716573483053
CRNDt2rpp	0.0	-0.0
CRNDtex	0.0	0.0
CRNabcpp	0.0	-0.006247716573483053
CRNt2rpp	0.0	-0.0
CRNt7pp	0.0	9.75781955236954e-18
CRNt8pp	0.0	0.0
CRNtex	0.0	0.0
CS	5.424291769238667	2.7755575615628914e-16
CSND	0.0	0.0
CSNt2pp	0.0	0.0
CSNtex	0.0	0.0
CTBTCAL2	0.0	-0.9225794806843345
CTBTabcpp	0.0	-0.006247716573483053
CTBTt2rpp	0.0	0.0
CTECOAI6	0.0	-0.0
CTECOAI7	-0.09101255656965691	-0.0
CTECOAI8	-0.04690694636617773	-0.0
CTPS2	0.149923575666076	0.0
CU1Opp	0.0	0.0
CU1abcpp	0.0	-0.006247716573483053
CU2abcpp	0.0	-0.00833028876464409
CU2tex	0.0006501723738494591	0.0
CU2tpp	0.0006501723738494591	0.0
CUt3	0.0	0.0
CUtex	0.0	0.0
CYANST	0.0	-0.035403727249736144
CYANSTpp	0.0	0.0
CYANtex	0.0	0.0
CYNTAH	0.0	0.0
CYNTt2pp	0.0	0.0
CYNTtex	0.0	0.0
CYSDDS	0.0	0.0
CYSDS	0.0	-0.018743149720449187
CYSDabcpp	0.0	0.0
CYSDtex	0.0	0.0
CYSS	0.23909462027478517	0.0
CYSSADS	0.0	0.0
CYSTL	0.15077921794442087	1.3877787807814457e-17
CYSTRS	0.0	-0.1936792137779768
CYSabc2pp	0.0	-0.016660577529288234
CYSabcpp	0.0	0.0
CYStex	0.0	0.0
CYStpp	0.0	-0.00833028876464409
CYTBD2pp	0.0	-0.004165144382322072
CYTBDpp	0.0	-0.004165144382322072
CYTBO3_4pp	37.16830677891958	0.0
CYTD	0.0	-0.01666057752928818
CYTDH	0.0	-0.024990866293932296
CYTDK2	0.0	0.0
CYTDt2pp	0.0	0.0
CYTDt2rpp	0.0	0.0
CYTDtex	0.0	0.0
CYTK1	0.15800249796724672	0.0
CYTK2	0.0	-0.0
D_LACt2pp	0.0	0.0
D_LACtex	0.0	0.0
DAAD	0.0	-0.002082572191161036
DADA	0.0	-0.0020825721911609807
DADK	0.0	-0.0
DADNt2pp	0.0	0.0
DADNtex	0.0	0.0
DAGK120	0.0	-0.008330288764644145
DAGK140	0.0	0.0
DAGK141	0.0	-0.008330288764644145
DAGK160	0.0	-0.008330288764644145
DAGK161	0.0	-0.008330288764644145
DAGK180	0.0	-0.008330288764644145
DAGK181	0.0	-0.008330288764644145
DALAt2pp	0.023423569112481547	0.0
DALAtex	0.0	0.0
DAMPtex	0.0	0.0
DAPAL	0.0	0.0
DAPDC	0.32165975922159407	0.0
DAPE	0.348261841645402	0.0
DAPabcpp	0.0	0.0
DAPtex	0.0	0.0
DASYN120	0.0	-2.7755575615628914e-17
DASYN140	0.0	-2.7755575615628914e-17
DASYN141	0.0	-2.7755575615628914e-17
DASYN160	0.0585068318195008	8.326672684688674e-17
DASYN161	0.04550627828482846	8.326672684688674e-17
DASYN180	0.0	-2.7755575615628914e-17
DASYN181	0.023453473183088866	-2.7755575615628914e-17
DATPHs	0.0	-0.01041286095580507
DB4PS	0.0008604655155399651	0.0
DBTS	1.9292948778915698e-06	2.7755575615628914e-17
DC6PH	0.0	0.0
DCAtex	0.0	0.0
DCMPtex	0.0	0.0
DCTPD	0.0	-0.01666057752928818
DCYTD	0.0	0.0
DCYTt2pp	0.0	0.0
DCYTtex	0.0	0.0
DDCAtexi	0.0	0.0
DDGALK	0.0	0.0
DDGLCNt2rpp	0.0	0.0
DDGLCNtex	0.0	0.0
DDGLK	0.0	0.0
DDPA	0.358775534082472	0.0
DDPGALA	0.0	6.938893903907228e-18
DGK1	0.0	-0.0
DGMPtex	0.0	0.0
DGSNt2pp	0.0	0.0
DGSNtex	0.0	0.0
DHACOAH	0.0	0.0
DHAD1	0.819504655987124	0.0
DHAD2	0.27232575989902874	0.0
DHAPT	0.9530393027996116	0.0
DHAtex	0.0	0.0
DHAtpp	0.0	0.0
DHBD	0.0006453491366547301	-1.1102230246251565e-16
DHBS	0.0006453491366547301	0.0
DHBSH	0.0	-0.016660577529288234
DHCIND	0.0	0.0
DHCINDO	0.0	0.0
DHDPRy	0.348261841645402	0.0
DHDPS	0.348261841645402	0.0
DHFR	0.02478854523858973	0.0
DHFS	0.0008604655155395368	-2.7755575615628914e-17
DHMPTR	0.0	-0.3602849890708564
DHNAOT4	0.00043023275776982005	0.0
DHNCOAS	0.00043023275776982005	0.0
DHNCOAT	0.00043023275776982005	0.0
DHNPA2r	0.0008604655155395368	0.0
DHNPTE	0.0	0.0
DHORD2	0.30899972623286953	0.0
DHORD5	0.0	0.0
DHORDfum	0.0	0.0
DHORTS	-0.30899972623286953	-0.0
DHPPD	0.0	0.0
DHPPDA2	0.00043023275776998257	0.0
DHPS2	0.0008604655155395368	2.7755575615628914e-17
DHPTDCs2	0.0012926275681873767	0.0
DHPTDNR	0.0	-0.012495433146966328
DHPTDNRN	0.0	-0.010412860955805181
DHPTPE	0.0	-0.0
DHQS	0.358775534082472	0.0
DHQTi	0.358775534082472	0.0
DIMPtex	0.0	0.0
DINSt2pp	0.0	0.0
DINStex	0.0	0.0
DKGLCNR1	0.0	0.0
DKGLCNR2x	0.0	1.1102230246251565e-16
DKGLCNR2y	0.0	-0.002082572191161036
DMATT	0.0009135211246816577	1.3877787807814457e-17
DMPPS	0.0009135211246816577	0.0
DMQMT	0.00021511637888491002	1.1102230246251565e-16
DMSOR1	0.0	-0.008330288764644145
DMSOR1pp	0.0	-0.008330288764644145
DMSOR2	0.0	-0.008330288764644145
DMSOR2pp	0.0	-0.008330288764644145
DMSOtex	0.0	-0.0
DMSOtpp	0.0	-0.0
DMStex	0.0	0.0
DNMPPA	0.0008604655155395368	0.0
DNTPPA	0.0008604655155395368	0.0
DOGULNR	0.0	0.0
DOPAtex	0.0	0.0
DOXRBCNtex	0.0	0.0
DOXRBCNtpp	0.0	-0.002082572191161036
DPCOAK	0.0005556369248325699	0.0
DPR	0.0005556369248325699	0.0
DRPA	0.0	-0.012495433146966176
DSBAO1	0.0	0.0
DSBAO2	0.0	0.0
DSBCGT	0.0	-0.8351114486555741
DSBDR	0.0	0.0
DSBGGT	0.0	-0.8351114486555741
DSERDHr	0.0	0.0
DSERt2pp	0.0	0.0
DSERtex	0.0	0.0
DTARTD	0.0	0.0
DTMPK	0.023928079723050194	0.0
DTMPtex	0.0	0.0
DUMPtex	0.0	0.0
DURADx	0.0	0.0
DURIK1	0.0	5.551115123125783e-17
DURIPP	0.0	0.0
DURIt2pp	0.0	0.0
DURItex	0.0	0.0
DUTPDP	0.023928079723050194	2.7755575615628914e-17
DXPRIi	0.006391753930454765	0.0
DXPS	0.006821986688224585	-6.938893903907228e-18
DXYLK	0.0	0.0
E4PD	0.00021511637888491002	0.0
EAR100x	0.0	5.551115123125783e-17
EAR100y	0.0	-0.002082572191161036
EAR120x	0.0	5.551115123125783e-17
EAR120y	0.0	-0.002082572191161036
EAR121x	0.0	5.551115123125783e-17
EAR121y	0.0	-0.002082572191161036
EAR140x	0.0	-0.010412860955804959
EAR140y	0.0	-0.012495433146966217
EAR141x	0.0	-5.551115123125783e-17
EAR141y	0.0	-0.0020825721911612582
EAR160x	0.0	5.551115123125783e-17
EAR160y	0.0	-0.002082572191161036
EAR161x	0.0	5.551115123125783e-17
EAR161y	0.0	-0.002082572191161036
EAR180x	0.0	5.551115123125783e-17
EAR180y	0.0	-0.002082572191161036
EAR181x	0.0	5.551115123125783e-17
EAR181y	0.0	-0.002082572191161036
EAR40x	0.0	5.551115123125783e-17
EAR40y	0.0	-0.002082572191161036
EAR60x	0.0	5.551115123125783e-17
EAR60y	0.0	-0.002082572191161036
EAR80x	0.0	5.551115123125783e-17
EAR80y	0.0	-0.002082572191161036
ECA4COLIPAabctex	0.0	0.0
ECA4OALpp	0.0	0.0
ECAP1pp	0.0	0.0
ECAP2pp	0.0	0.0
ECAP3pp	0.0	0.0
ECAtpp	0.0	0.0
ECOAH1	0.30211310816623566	0.0
ECOAH2	0.30211310816623566	0.0
ECOAH3	0.30211310816623566	0.0
ECOAH4	0.3021102142239188	0.0
ECOAH5	0.3021102142239188	0.0
ECOAH6	0.2627960078496834	0.0
ECOAH7	0.2549331665748363	0.0
ECOAH8	0.04690694636617773	0.0
EDA	0.0	6.938893903907228e-18
EDD	0.0	-0.0062477165734827755
EDTXS1	0.007862841274847092	-5.551115123125783e-17
EDTXS2	0.007862841274847092	1.3877787807814457e-16
EDTXS3	0.0	-4.800328900626158
EDTXS4	0.0	2.7755575615628914e-17
EGMEACPR	1.9292948778915698e-06	0.0
ENLIPAabctex	0.0	-0.00833028876464409
ENO	14.542506892828461	0.0
ENTCS	0.00021511637888491002	3.3306690738754696e-16
ENTERES	0.0	-1.1102230246251565e-16
ENTERES2	0.0	-0.009371574860224718
EPMEACPR	1.9292948778915698e-06	-2.7755575615628914e-16
ETHAAL	0.0	0.0
ETHAt2pp	0.0	0.0
ETHAtex	0.0	0.0
ETHSO3abcpp	0.0	0.0
ETHSO3tex	0.0	0.0
ETOHtex	0.0	0.0
ETOHtrpp	0.0	0.0
F6PA	0.9530393027996116	0.0
F6PP	0.0	-0.00833028876464409
F6Pt6_2pp	0.0	0.0
F6Ptex	0.0	0.0
FA100ACPHi	0.0	-0.00833028876464409
FA120ACPHi	0.0	-0.008330288764644034
FA140ACPHi	0.0	-0.008330288764644145
FA141ACPHi	0.0	-0.008330288764644034
FA160ACPHi	0.0	-0.008330288764644145
FA161ACPHi	0.0	-0.008330288764644145
FA80ACPHi	0.0	-0.008330288764644145
FACOAE100	0.0	-0.010412860955805181
FACOAE120	0.03931420637423546	0.0
FACOAE140	0.007862841274847092	0.0
FACOAE141	0.0	-1.1102230246251565e-16
FACOAE160	0.1170136636390016	0.0
FACOAE161	0.09101255656965691	0.0
FACOAE180	0.0	-0.02082572191161014
FACOAE181	0.04690694636617773	0.0
FACOAE60	0.0	0.0
FACOAE80	2.8939423168373545e-06	0.0
FACOAL100t2pp	0.0	-5.551115123125783e-17
FACOAL120t2pp	0.0	-0.02082572191161025
FACOAL140t2pp	0.0	-5.551115123125783e-17
FACOAL141t2pp	0.0	-0.01666057752928818
FACOAL160t2pp	0.0	-0.020825721911610695
FACOAL161t2pp	0.0	-0.020825721911610695
FACOAL180t2pp	0.0	-5.551115123125783e-17
FACOAL181t2pp	0.0	-0.020825721911610695
FACOAL60t2pp	0.0	-0.008330288764644034
FACOAL80t2pp	0.0	-5.551115123125783e-17
FADRx	1.9380239725665902	0.0
FADRx2	0.0	-0.0020825721911612582
FALDH2	0.0	0.0
FALDtex	0.0	0.0
FALDtpp	0.0	0.0
FALGTHLs	0.0	0.0
FBA	6.8372324586734	0.0
FBA3	0.0	0.0
FBP	0.0	-0.008330288764644006
FCI	0.0	0.0
FCLK	0.0	0.0
FCLPA	0.0	-6.938893903907228e-18
FCLT	0.00043023275776982005	-9.974659986866641e-18
FDH4pp	0.0	-0.001041286095580407
FDH5pp	0.0	-0.001041286095580407
FDMO	0.0	0.0
FDMO2	0.0	0.0
FDMO3	0.0	5.551115123125783e-17
FDMO4	0.0	0.0
FDMO6	0.0	0.0
FE2abcpp	0.0	-0.00833028876464409
FE2t2pp	0.0	-0.0020825721911610163
FE2t3pp	0.0	-0.002082572191161056
FE2tex	0.014978080784509755	0.0
FE2tpp	0.014978080784509755	9.974659986866641e-18
FE3DCITabcpp	0.0	0.0
FE3DCITtonex	0.0	0.0
FE3DHBZR	0.0	0.0
FE3DHBZSabcpp	0.0	0.0
FE3DHBZStonex	0.0	0.0
FE3HOXR1	0.0	-0.04789916039670383
FE3HOXR2	0.0	1.9949319973733282e-17
FE3HOXR3	0.0	-0.0478991603967039
FE3HOXUtex	0.0	0.0
FE3HOXUtpp	0.0	5.551115123125783e-17
FE3HOXabcpp	0.0	0.0
FE3HOXexs	0.0	0.0
FE3HOXtonex	0.0	0.0
FE3Ri	0.0	-0.02915601067625495
FE3abcpp	0.0	-0.0031238582867413323
FE3tex	0.0	0.0
FECRMR1	0.0	-0.04789916039670383
FECRMR2	0.0	1.9949319973733282e-17
FECRMR3	0.0	-0.0478991603967039
FECRMUtex	0.0	5.551115123125783e-17
FECRMUtpp	0.0	0.0
FECRMabcpp	0.0	0.0
FECRMexs	0.0	0.0
FECRMtonex	0.0	0.0
FEENTERR1	0.0	-0.047899160396704055
FEENTERR2	0.0	0.0
FEENTERR3	0.0	-0.047899160396704055
FEENTERabcpp	0.0	2.7755575615628914e-17
FEENTERexs	0.0	0.0
FEENTERtex	0.0	0.0
FEENTERtonex	0.0	0.0
FEENTERtpp	0.0	0.0
FEOXAMR1	0.0	-0.04789916039670383
FEOXAMR2	0.0	1.9949319973733282e-17
FEOXAMR3	0.0	-0.0478991603967039
FEOXAMUtex	0.0	5.551115123125783e-17
FEOXAMUtpp	0.0	0.0
FEOXAMabcpp	0.0	0.0
FEOXAMexs	0.0	0.0
FEOXAMtonex	0.0	0.0
FEROpp	0.0	0.0
FESD1s	0.003582700588242802	0.0
FESD2s	0.0	0.0
FESR	0.007165401176485604	0.0
FFSD	0.0	0.0
FHL	0.0	0.0010412860955806291
FLDR2	0.0	-0.0020825721911611472
FLVR	0.0	-0.002082572191161036
FLVRx	0.0	5.551115123125783e-17
FMETTRS	0.0	-0.021867008007190436
FMNAT	0.00021511637888507255	-5.551115123125783e-17
FMNRx	0.0	-0.04789916039670383
FMNRx2	0.0	-0.04998173258786498
FOMETRi	0.0	0.0
FORCT	0.0	0.0
FORt2pp	0.0	-0.002082572191161036
FORtex	0.0	0.0
FORtppi	0.0	0.0
FRD2	0.0	0.0
FRD3	0.0	0.0
FRUK	0.0	0.0
FRULYSDG	0.0	0.0
FRULYSE	0.0	0.0
FRULYSK	0.0	0.0
FRULYSt2pp	0.0	0.0
FRULYStex	0.0	0.0
FRUURt2rpp	0.0	0.0
FRUURtex	0.0	0.0
FRUpts2pp	0.0	0.0
FRUptspp	0.0	-8.326672684688674e-17
FRUtex	0.0	0.0
FTHFD	0.0	-0.008330288764643812
FTHFLi	0.0	-3.3306690738754696e-16
FUCtex	0.0	0.0
FUCtpp	0.0	0.0
FUM	5.351364422854363	0.0
FUMt2_2pp	0.0	0.0
FUMt2_3pp	0.0	-0.002082572191161036
FUMtex	0.0	0.0
FUSAtex	0.0	0.0
FUSAtpp	0.0	-0.002082572191161036
G1PACT	0.06892984739731	-5.551115123125783e-17
G1PPpp	0.0	0.0
G1PTT	0.007862841274847092	0.0
G1Ptex	0.0	0.0
G1SAT	0.005162793093237841	0.0
G2PP	0.0	-0.006247716573482998
G2PPpp	0.0	0.0
G3PAT120	0.0	0.0
G3PAT140	0.0	-5.551115123125783e-17
G3PAT141	0.0	-0.008330288764644145
G3PAT160	0.0	-5.551115123125783e-17
G3PAT161	0.0	-5.551115123125783e-17
G3PAT180	0.0	0.0
G3PAT181	0.0	-1.1102230246251565e-16
G3PCabcpp	0.0	-0.006247716573482998
G3PCtex	0.0	0.0
G3PD2	-0.15592947062095247	-0.0
G3PD5	0.0	-0.008330288764644589
G3PD6	0.0	-0.008330288764644589
G3PD7	0.0	-0.008330288764644589
G3PEabcpp	0.0	2.7755575615628914e-17
G3PEtex	0.0	0.0
G3PGabcpp	0.0	2.498001805406602e-16
G3PGtex	0.0	0.0
G3PIabcpp	0.0	-0.010412860955805125
G3PItex	0.0	0.0
G3PSabcpp	0.0	-0.006247716573482998
G3PStex	0.0	0.0
G3PT	0.0	-0.00833028876464409
G5SADs	0.2072043405906767	0.0
G5SD	0.2072043405906767	0.0
G6PDA	0.0	-0.00833028876464409
G6PDH2r	3.562538673806832	0.0
G6PP	0.0	-0.00833028876464409
G6Pt6_2pp	0.0	0.0
G6Ptex	0.0	0.0
GAL1PPpp	0.0	0.0
GAL1Ptex	0.0	0.0
GALBDtex	0.0	0.0
GALCTD	0.0	0.0
GALCTLO	0.0	0.0
GALCTND	0.0	0.0
GALCTNLt2pp	0.0	0.0
GALCTNLtex	0.0	0.0
GALCTNt2pp	0.0	0.0
GALCTNtex	0.0	0.0
GALCTt2rpp	0.0	0.0
GALCTtex	0.0	0.0
GALKr	0.0	0.0
GALM2pp	0.0	0.0
GALS3	0.0	0.0
GALT1	0.007862841274847092	1.1102230246251565e-16
GALTptspp	0.0	0.0
GALTtex	0.0	0.0
GALURt2rpp	0.0	0.0
GALURtex	0.0	0.0
GALUi	0.03145136509938837	0.0
GALabcpp	0.0	-0.006247716573483053
GALt2pp	0.0	0.0
GALtex	0.0	-0.0
GAM6Pt6_2pp	0.0	0.0
GAMAN6Ptex	0.0	0.0
GAMptspp	0.0	0.0
GAMtex	0.0	0.0
GAPD	16.125726302494996	1.1102230246251565e-16
GARFT	0.4171222344271057	0.0
GART	0.002581396546619303	-1.3877787807814457e-16
GBBTNtex	0.0	0.0
GCALDD	0.0008604655155395368	5.551115123125783e-17
GDMANE	0.0	0.0
GDPDPK	0.0	-0.00833028876464409
GDPMNH	0.0	-5.551115123125783e-17
GDPMNP	0.0	-2.7755575615628914e-17
GDPTPDP	0.0	0.0
GDPtex	0.0	-0.0
GF6PTA	0.06892984739731	0.0
GGGABADr	0.0	0.0
GGGABAH	0.0	0.0
GGPTRCO	0.0	0.0
GGPTRCS	0.0	-0.0333211550585763
GHBDHx	0.0	0.0
GHMT2r	1.0483918593867017	0.0
GK1	0.22819313956725915	0.0
GLBRAN2	0.0	0.0
GLCATr	0.0	-0.0
GLCDpp	0.0	-0.008330288764644145
GLCNt2rpp	0.0	0.0
GLCNtex	0.0	0.0
GLCP	0.0	-1.1102230246251565e-16
GLCP2	0.0	-1.1102230246251565e-16
GLCRAL	0.0	0.0
GLCRD	0.0	0.0
GLCRt2rpp	0.0	0.0
GLCRtex	0.0	0.0
GLCS1	0.14873609466873372	0.0
GLCTR1	0.007862841274847092	1.1102230246251565e-16
GLCTR2	0.007862841274847092	0.0
GLCTR3	0.007862841274847092	0.0
GLCUR1Ptex	0.0	0.0
GLCURt2rpp	0.0	0.0
GLCURtex	0.0	0.0
GLCabcpp	0.0	-0.008330288764644145
GLCptspp	10.0	0.0
GLCt2pp	0.0	-0.0020825721911611195
GLCtex	10.0	0.0
GLCtexi	0.0	0.0
GLDBRAN2	0.0	0.0
GLGC	0.14873609466873372	5.551115123125783e-17
GLNS	1.676069137283664	0.0
GLNTRS	0.0	-0.16660577529288206
GLNabcpp	0.0	0.0
GLNtex	0.0	0.0
GLTPD	0.0	0.0
GLU5K	0.2072043405906767	-2.7755575615628914e-17
GLUABUTt7pp	0.0	0.0
GLUCYS	0.00021511637888491002	2.7755575615628914e-17
GLUDC	0.0	-0.006247716573483053
GLUDy	-8.059492854779414	2.7755575615628914e-17
GLUN	0.0	-0.00833028876464409
GLUNpp	0.0	-0.002082572191161036
GLUPRT	0.41970363097372504	0.0
GLUR	-0.026602082423807908	-0.0
GLUSy	0.0	-0.008330288764644145
GLUTRR	0.005162793093237841	0.0
GLUTRS	0.005162793093237841	-2.7755575615628914e-17
GLUabcpp	0.0	-0.006247716573483053
GLUt2rpp	0.0	-0.0
GLUt4pp	0.0	0.0
GLUtex	0.0	0.0
GLXCL	0.0	-0.012495433146968077
GLYALDtex	0.0	0.0
GLYALDtpp	0.0	-0.0
GLYAT	0.0	-5.551115123125783e-17
GLYBabcpp	0.0	-0.03540372724973756
GLYBt2pp	0.0	-0.029156010676254507
GLYBtex	0.0	0.0
GLYC2Pabcpp	0.0	0.0
GLYC2Ptex	0.0	0.0
GLYC3Pabcpp	0.0	-0.006247716573482998
GLYC3Pt6pp	0.0	0.0
GLYC3Ptex	0.0	0.0
GLYCAt2rpp	0.0	0.0
GLYCAtex	0.0	0.0
GLYCDx	0.0	-0.002082572191161036
GLYCK	0.0	0.0
GLYCK2	0.0	0.0
GLYCL	0.054221385571982916	0.0
GLYCLTDx	0.0	-0.006247716573482998
GLYCLTDy	0.0	-0.008330288764644145
GLYCLTt2rpp	0.0	0.0
GLYCLTt4pp	0.0	0.0
GLYCLTtex	0.0	0.0
GLYCTO2	0.0008604655155395368	0.0
GLYCTO3	0.0	0.0
GLYCTO4	0.0	0.0
GLYCtex	0.0	-0.0
GLYCtpp	-0.006187248673398264	-0.0
GLYK	0.006187248673398264	0.0
GLYOX	0.0	0.0
GLYOX3	0.0	0.0
GLYTRS	0.0	-0.05935330744808914
GLYt2pp	0.0	0.0
GLYt2rpp	0.0	0.0
GLYt4pp	0.0	0.0
GLYtex	0.0	0.0
GMAND	0.0	-0.5550054889444116
GMHEPAT	0.03145136509938837	2.7755575615628914e-17
GMHEPK	0.03145136509938837	0.0
GMHEPPA	0.03145136509938837	0.0
GMPR	0.0	-0.018743149720449326
GMPS2	0.22819313956725915	0.0
GMPtex	0.0	0.0
GND	3.562538673806832	2.220446049250313e-16
GNK	0.0	0.0
GOFUCR	0.0	0.0
GP4GH	0.0	0.0
GPDDA1	0.0	0.0
GPDDA1pp	0.0	0.0
GPDDA2	0.0	-0.027073438485093027
GPDDA2pp	0.0	-0.020825721911609973
GPDDA3	0.0	0.0
GPDDA3pp	0.0	0.0
GPDDA4	0.0	-0.024990866293932434
GPDDA4pp	0.0	-0.0166605775292879
GPDDA5	0.0	0.0
GPDDA5pp	0.0	0.0
GRTT	0.0009135211246816577	-1.3877787807814457e-17
GRXR	0.0	0.0
GSNK	0.0	0.0
GSNt2pp	0.0	0.0
GSNtex	0.0	0.0
GSPMDA	0.0	5.551115123125783e-17
GSPMDS	0.0	-0.008330288764644367
GTHOXtex	0.0	0.0
GTHOr	0.0	0.0
GTHPi	0.0	-0.031238582867415987
GTHRDHpp	0.0	0.0
GTHRDabc2pp	0.0	0.0
GTHRDabcpp	0.0	-0.01666057752928818
GTHRDtex	0.0	0.0
GTHS	0.00021511637888491002	0.0
GTPCI	0.0008604655155395368	0.0
GTPCII2	0.00043023275776998257	0.0
GTPDPDP	0.0	-0.00833028876464409
GTPDPK	0.0	-0.008330288764644145
GTPHs	0.0	-0.024990866293932268
GTPtex	0.0	0.0
GUACYC	0.0	-0.00833028876464409
GUAD	0.0	-0.008330288764644062
GUAPRT	0.0	0.0
GUAt2pp	0.0	-0.002082572191161036
GUAtex	0.0	0.0
GUAtpp	0.0	0.0
GUI1	0.0	0.0
GUI2	0.0	0.0
GUR1PPpp	0.0	0.0
H2O2tex	0.0	-0.0
H2Otex	-45.42696502862776	-0.0
H2Otpp	-45.44642968465081	-0.0
H2SO	0.0	-0.09163317641108676
H2St1pp	0.0	0.0
H2Stex	0.0	-0.0
H2tex	0.0	0.0
H2tpp	0.0	0.0
HACD1	0.30211310816623566	0.0
HACD2	0.30211310816623566	0.0
HACD3	0.30211310816623566	0.0
HACD4	0.3021102142239188	0.0
HACD5	0.3021102142239188	0.0
HACD6	0.2627960078496834	0.0
HACD7	0.2549331665748363	-1.1102230246251565e-16
HACD8	0.04690694636617773	0.0
HADPCOADH3	0.0	0.0
HBZOPT	0.00021511637888491002	-8.326672684688674e-17
HCINNMt2rpp	0.0	0.0
HCINNMtex	0.0	0.0
HCO3E	0.4509755716494695	0.0
HCYSMT	0.0	-0.19159664158681367
HCYSMT2	0.0	0.0
HDCAtexi	0.0	0.0
HDCEAtexi	0.0	0.0
HEMEOS	0.00021511637888491002	0.0
HEPK1	0.007862841274847092	-1.1102230246251565e-16
HEPK2	0.007862841274847092	1.2212453270876722e-15
HEPT1	0.007862841274847092	1.6653345369377348e-16
HEPT2	0.007862841274847092	1.6653345369377348e-16
HEPT3	0.007862841274847092	1.6653345369377348e-16
HEPT4	0.007862841274847092	1.6653345369377348e-16
HETZK	0.0	0.0
HEX1	0.0	0.0
HEX4	0.0	0.0
HEX7	0.0	0.0
HEXt2rpp	0.0	0.0
HG2abcpp	0.0	-0.00833028876464409
HG2t3pp	0.0	-0.002082572191161036
HG2tex	0.0	0.0
HISTD	0.08880158463959317	0.0
HISTP	0.08880158463959317	0.0
HISTRS	0.0	-0.23012422712329234
HISabcpp	0.0	-0.006247716573483053
HISt2rpp	0.0	0.0
HIStex	0.0	0.0
HKNDDH	0.0	1.3877787807814457e-17
HKNTDH	0.0	1.3877787807814457e-17
HMBS	0.0006453491366547301	0.0
HMPK1	0.0	0.0
HOMt2pp	0.0	-0.14786262557243313
HOMtex	0.0	0.0
HOPNTAL	0.0	0.0
HPPK2	0.0008604655155395368	0.0
HPPPNDO	0.0	0.0
HPPPNt2rpp	0.0	0.0
HPPPNtex	0.0	0.0
HPYRI	0.0	-0.0
HPYRRx	0.0	5.551115123125783e-17
HPYRRy	0.0	-0.002082572191161036
HSDy	-0.6608963594282192	-0.0
HSK	0.5101171414837985	0.0
HSST	0.15077921794442087	0.0
HSTPT	0.08880158463959317	0.0
HXAND	0.0	0.0
HXAtex	0.0	-0.0
HXCT	0.0	-0.008330288764644145
HXPRT	0.0	-0.008330288764644117
HYD1pp	0.0	0.0
HYD2pp	0.0	0.0
HYD3pp	0.0	0.0
HYPOE	0.0	-0.00833028876464409
HYXNtex	0.0	-0.0
HYXNtpp	0.0	-0.0
Htex	-8.558969452687913	-0.0
I2FE2SR	1.9292948778915698e-06	0.0
I2FE2SS	0.0002633487508321993	0.0
I2FE2SS2	0.00024212650717539202	0.0
I2FE2ST	2.3151538534698836e-05	0.0
I4FE4SR	0.00024212650717539202	0.0
I4FE4ST	0.00024212650717539202	0.0
ICDHyr	5.424291769238668	0.0
ICHORS	0.0010755818944245502	0.0
ICHORSi	0.0	0.0
ICHORT	0.0006453491366547301	1.3877787807814457e-17
ICL	0.0	-0.0020825721911605366
ICYSDS	0.0017026027297393105	0.0
IDOND	0.0	-0.0
IDOND2	0.0	-0.0020825721911611472
IDONt2rpp	0.0	0.0
IDONtex	0.0	0.0
IG3PS	0.08880158463959317	-5.551115123125783e-17
IGPDH	0.08880158463959317	0.0
IGPS	0.05328133664273148	0.0
ILETA	-0.27232575989902874	-0.0
ILETRS	0.0	-0.2707343848509339
ILEabcpp	0.0	-0.006247716573483053
ILEt2rpp	0.0	0.0
ILEtex	0.0	0.0
IMPC	-0.5082900992344332	-0.0
IMPD	0.22819313956725915	0.0
IMPtex	0.0	0.0
INDOLEt2pp	0.0	0.0
INDOLEt2rpp	0.0	0.0
INDOLEtex	0.0	0.0
INOSTt4pp	0.0	-0.004165144382322128
INSH	0.0	-0.00833028876464409
INSK	0.0	-0.00833028876464409
INSTtex	0.0	-0.0
INSt2pp	0.0	0.0
INSt2rpp	0.0	0.0
INStex	0.0	0.0
IPDDI	0.0	-2.7755575615628914e-17
IPDPS	0.0054782328057731075	0.0
IPMD	0.4223014265268078	0.0
IPPMIa	-0.4223014265268078	-0.0
IPPMIb	-0.4223014265268078	-0.0
IPPS	0.4223014265268078	0.0
ISETACabcpp	0.0	0.0
ISETACtex	0.0	0.0
K2L4Aabcpp	0.0	-3.4903909923858736
K2L4Aabctex	0.0	-0.00833028876464409
KARA1	-0.819504655987124	-0.0
KARA2	0.27232575989902874	0.0
KAS14	0.0	0.0
KAS15	0.0	0.0
KDOCT2	0.023588523824541276	0.0
KDOPP	0.023588523824541276	0.0
KDOPS	0.023588523824541276	1.3877787807814457e-17
KG6PDC	0.0	0.0
Kabcpp	0.0	-0.006247716573483053
Kt2pp	0.17912538293784278	0.0
Kt3pp	0.0	-0.004165144382322072
Ktex	0.17912538293784278	0.0
L_LACD2	0.0	0.0
L_LACD3	0.0	0.0
L_LACt2rpp	0.0	0.0
L_LACtex	0.0	0.0
LA4NTpp	0.0	0.0
LACZ	0.0	0.0
LACZpp	0.0	8.326672684688674e-17
LADGMDH	0.0	-0.016660577529288068
LALADGLUtex	0.0	0.0
LALADGLUtpp	0.0	0.0
LALALGLUtex	0.0	0.0
LALALGLUtpp	0.0	0.0
LALDO2x	0.0	-0.12078918708733954
LALDO3	0.0	-0.008330288764644145
LALGP	0.0	0.0
LCADi	0.0	0.0
LCARR	0.0	-0.0
LCARS	0.0	-0.0
LCTSt3ipp	0.0	-0.004165144382322072
LCTStex	0.0	0.0
LCTStpp	0.0	0.0
LDH_D	0.0	0.0
LDH_D2	0.0	-0.0062477165734828866
LEUTAi	0.4223014265268078	0.0
LEUTRS	0.0	-0.2436609463658398
LEUabcpp	0.0	-0.006247716573483053
LEUt2rpp	0.0	0.0
LEUtex	0.0	0.0
LGTHL	0.0	0.0
LIPACabcpp	0.0	-0.00833028876464409
LIPAHT2ex	0.0	-7.713847396060429
LIPAHTex	0.0	-0.7164048337593927
LIPAMPL	0.0	0.0
LIPATPT	0.0	-2.7755575615628914e-17
LIPAabcpp	0.0	-4.639970841906759
LIPAabctex	0.0	-0.00833028876464409
LIPOCT	0.0	0.0
LIPOS	2.8939423168373545e-06	-2.7755575615628914e-17
LIPOt2pp	0.0	0.0
LIPOtex	0.0	0.0
LPADSS	0.007862841274847092	-1.1102230246251565e-16
LPLIPAL1A120pp	0.0	-0.002082572191160814
LPLIPAL1A140pp	0.0	-0.03332115505857669
LPLIPAL1A141pp	0.0	-0.002082572191160481
LPLIPAL1A160pp	0.0	-0.002082572191160592
LPLIPAL1A161pp	0.0	-0.002082572191160592
LPLIPAL1A180pp	0.0	-0.002082572191160925
LPLIPAL1A181pp	0.0	0.0
LPLIPAL1E120pp	0.0	0.0
LPLIPAL1E140pp	0.0	0.0
LPLIPAL1E141pp	0.0	0.0
LPLIPAL1E160pp	0.0	0.0
LPLIPAL1E161pp	0.0	0.0
LPLIPAL1E180pp	0.0	-5.551115123125783e-17
LPLIPAL1E181pp	0.0	0.0
LPLIPAL1G120pp	0.0	0.0
LPLIPAL1G140pp	0.0	0.0
LPLIPAL1G141pp	0.0	0.0
LPLIPAL1G160pp	0.0	0.0
LPLIPAL1G161pp	0.0	0.0
LPLIPAL1G180pp	0.0	5.551115123125783e-17
LPLIPAL1G181pp	0.0	0.0
LPLIPAL2A120	0.0	-0.01457800533812692
LPLIPAL2A140	0.0	-0.024990866293932656
LPLIPAL2A141	0.0	-0.010412860955804737
LPLIPAL2A160	0.0	-0.01457800533812692
LPLIPAL2A161	0.0	0.0
LPLIPAL2A180	0.0	0.0
LPLIPAL2A181	0.0	-0.01249543314696655
LPLIPAL2ATE120	0.0	0.0
LPLIPAL2ATE140	0.0	0.0
LPLIPAL2ATE141	0.0	5.551115123125783e-17
LPLIPAL2ATE160	0.0	-6.661338147750939e-16
LPLIPAL2ATE161	0.0	0.0
LPLIPAL2ATE180	0.0	0.0
LPLIPAL2ATE181	0.0	0.0
LPLIPAL2ATG120	0.0	-0.0041651443823222944
LPLIPAL2ATG140	0.0	1.1102230246251565e-16
LPLIPAL2ATG141	0.0	0.0
LPLIPAL2ATG160	0.0	-2.220446049250313e-16
LPLIPAL2ATG161	0.0	6.661338147750939e-16
LPLIPAL2ATG180	0.0	-0.004165144382321184
LPLIPAL2ATG181	0.0	-2.220446049250313e-16
LPLIPAL2E120	0.0	0.0
LPLIPAL2E140	0.0	0.0
LPLIPAL2E141	0.0	-1.1102230246251565e-16
LPLIPAL2E160	0.0	-4.440892098500626e-16
LPLIPAL2E161	0.0	-4.440892098500626e-16
LPLIPAL2E180	0.0	0.0
LPLIPAL2E181	0.0	-0.0041651443823222944
LPLIPAL2G120	0.0	-0.004165144382322072
LPLIPAL2G140	0.0	0.0
LPLIPAL2G141	0.0	0.0
LPLIPAL2G160	0.0	0.0
LPLIPAL2G161	0.0	0.0
LPLIPAL2G180	0.0	-0.004165144382321406
LPLIPAL2G181	0.0	-0.0041651443823225165
LSERDHr	0.0	-0.0
LYSDC	0.0	0.0
LYSTRS	0.0	-0.25407380732164536
LYSabcpp	0.0	-0.006247716573483053
LYSt2pp	0.0	0.0
LYSt3pp	0.0	-0.004165144382322072
LYStex	0.0	0.0
LYXI	0.0	0.0
LYXt2pp	0.0	0.0
LYXtex	0.0	0.0
M1PD	0.0	0.0
MACPD	0.0	-0.008330288764644034
MALCOAMT	1.9292948778915698e-06	0.0
MALDDH	0.0	0.0
MALDt2_2pp	0.0	0.0
MALDtex	0.0	0.0
MALS	0.000860465515538183	-3.885780586188048e-16
MALTATr	0.0	-0.0
MALTHXabcpp	0.0	2.7755575615628914e-17
MALTHXtexi	0.0	0.0
MALTPTabcpp	0.0	2.7755575615628914e-17
MALTPTtexi	0.0	0.0
MALTTRabcpp	0.0	2.7755575615628914e-17
MALTTRtexi	0.0	0.0
MALTTTRabcpp	0.0	2.7755575615628914e-17
MALTTTRtexi	0.0	0.0
MALTabcpp	0.0	0.0
MALTptspp	0.0	-0.4102667216587205
MALTtexi	0.0	0.0
MALt2_2pp	0.0	6.938893903907228e-18
MALt2_3pp	0.0	-0.0020825721911610223
MALt3pp	0.0	-0.0062477165734831225
MALtex	0.0	0.0
MAN1PT2	0.0	-0.008330288764644034
MAN6PI	0.0	0.0
MAN6Pt6_2pp	0.0	0.0
MAN6Ptex	0.0	0.0
MANAO	0.0	-0.0
MANGLYCptspp	0.0	-1.3877787807814457e-17
MANGLYCtex	0.0	0.0
MANPGH	0.0	0.0
MANptspp	0.0	0.0
MANtex	0.0	0.0
MCITD	0.0	0.0
MCITL2	0.0	0.0
MCITS	0.0	-5.551115123125783e-17
MCOATA	0.03145522368914415	0.0
MCPST	0.0	0.0
MCTP1App	0.011029778816906104	0.0
MCTP1Bpp	0.0012974508053820806	2.7755575615628914e-17
MCTP2App	0.0006492077264105132	-1.942890293094024e-16
MDDCP1pp	0.010446167116343904	0.0
MDDCP2pp	0.0006492077264105132	0.0
MDDCP3pp	0.0	-1.942890293094024e-16
MDDCP4pp	0.0	0.0
MDDCP5pp	0.0	-9.71445146547012e-17
MDDEP1pp	0.005190767868967269	0.0
MDDEP2pp	0.0	0.0
MDDEP3pp	0.0	0.0
MDDEP4pp	0.0	0.0
MDH	5.351055735673899	0.0
MDH2	0.0	-0.006247716573483331
MDH3	0.0	-0.0062477165734828866
ME1	0.0	-0.008330288764643923
ME2	0.0	-0.0062477165734827755
MECDPDH5	0.006391753930454765	0.0
MECDPS	0.006391753930454765	2.7755575615628914e-17
MELIBt2pp	0.0	0.0
MELIBt3ipp	0.0	-0.004165144382322072
MELIBtex	0.0	0.0
MEOHtex	-1.9292948778915698e-06	-0.0
MEOHtrpp	-1.9292948778915698e-06	-0.0
MEPCT	0.006391753930454765	-2.7755575615628914e-17
METAT	0.008238089128597003	0.0
METDabcpp	0.0	-0.00833028876464409
METDtex	0.0	0.0
METOX1s	0.0	-0.031238582867415987
METOX2s	0.0	-0.031238582867415987
METS	0.15207184551260824	0.0
METSOX1abcpp	0.0	0.0
METSOX1tex	0.0	0.0
METSOX2abcpp	0.0	0.0
METSOX2tex	0.0	0.0
METSOXR1	0.0	0.0
METSOXR2	0.0	0.0
METTRS	0.0	-0.31967483134321917
METabcpp	0.0	0.0
METtex	0.0	0.0
MG2t3_2pp	0.007961235313619563	0.0
MG2tex	0.007961235313619563	0.0
MG2tpp	0.0	-0.004165144382322072
MG2uabcpp	0.0	-0.012495433146966162
MGSA	0.0	-0.01666057752928786
MI1PP	0.0	0.0
MICITDr	0.0	0.0
MINCYCtex	0.0	0.0
MINCYCtpp	0.0	-0.002082572191161036
MINOHPtexi	0.0	0.0
MLDCP1App	0.0005836117005621998	0.0
MLDCP1Bpp	0.0	-0.004165144382321628
MLDCP2App	0.0	2.7755575615628914e-17
MLDCP2Bpp	0.0	-0.004165144382321628
MLDCP3App	0.0012974508053820806	2.7755575615628914e-17
MLDEP1pp	0.0012974508053820806	0.0
MLDEP2pp	0.0	0.0
MLTG1	0.0	2.7755575615628914e-17
MLTG2	0.0	0.0
MLTG3	0.0	-0.008330288764644311
MLTG4	0.0	-0.008330288764644145
MLTG5	0.0	-0.008330288764644145
MLTGY1pp	0.0	0.0
MLTGY2pp	0.0	0.0
MLTGY3pp	0.0	0.0
MLTGY4pp	0.0	0.0
MLTP1	0.0	-1.3877787807814457e-16
MLTP2	0.0	-2.7755575615628914e-17
MLTP3	0.0	-2.7755575615628914e-17
MMCD	0.0	0.0
MMETt2pp	0.0	0.0
MMETtex	0.0	0.0
MMM	0.0	-0.016660577529287846
MN2t3pp	0.0	-0.002082572191161036
MN2tpp	0.0006347380148263264	0.0
MN6PP	0.0	-0.00833028876464409
MNLptspp	0.0	0.0
MNLtex	0.0	0.0
MNNH	0.0	0.0
MNt2pp	0.0	-0.002082572191161036
MNtex	0.0006347380148263264	0.0
MOADSUx	0.00047460653996132617	0.0
MOAT	0.007862841274847092	0.0
MOAT2	0.007862841274847092	-5.551115123125783e-17
MOAT3C	0.007862841274847092	1.6653345369377348e-16
MOBDabcpp	0.00013215669913557251	0.0
MOBDtex	0.00013215669913557251	0.0
MOCDS	6.752532072620494e-06	-5.551115123125783e-17
MOCOS	0.000125404167062952	-2.7755575615628914e-17
MOGDS	6.752532072620494e-06	-5.551115123125783e-17
MOHMT	0.0005556369248325699	0.0
MOX	0.0011691526960018116	1.6653345369377348e-16
MPTAT	0.00023730326998066308	8.326672684688674e-17
MPTG	0.012976437348698697	0.0
MPTG2	0.0006492077264105132	0.0
MPTS	0.00023730326998066308	0.0
MPTSS	0.00047460653996132617	0.0
MSAR	0.0	0.0
MSO3abcpp	0.0	0.0
MSO3tex	0.0	0.0
MTAN	0.006505582328250373	0.0
MTHFC	0.925627450040424	0.0
MTHFD	0.925627450040424	0.0
MTHFR2	0.15228696189149316	0.0
MTHTHFSs	0.0012926275681873767	0.0
MTRPOX	0.0	0.0
N2Otex	0.0	0.0
N2Otpp	0.0	0.0
NACODA	0.0	-0.008330288764644311
NACtex	0.0	0.0
NACtpp	0.0	0.0
NADDP	0.0	-0.008330288764644145
NADH10	0.0	-0.0062477165734828866
NADH16pp	32.48263590720731	0.0
NADH17pp	0.0	4.440892098500626e-16
NADH18pp	0.0	0.0
NADH5	0.0	-0.006247716573483331
NADH9	0.0	-0.006247716573483331
NADK	0.00043119740520756295	5.551115123125783e-17
NADN	0.0	0.0
NADPHQR2	0.0	-0.008330288764644478
NADPHQR3	0.0	-0.008330288764644145
NADPHQR4	0.0	-0.008330288764644589
NADPPPS	0.0	-0.008330288764644145
NADS1	0.0021984315133560806	2.7755575615628914e-17
NADTRHD	0.0	-0.0020825721911611472
NAMNPP	0.0	0.0
NAt3_1p5pp	0.0	-0.002082572191161036
NAt3_2pp	0.0	-0.002082572191161036
NAt3pp	0.0	0.0
NAtex	0.0	0.0
NDPK1	0.0	0.0
NDPK2	0.40938093872956793	0.0
NDPK3	0.15800249796724672	0.0
NDPK4	0.031790920997897286	0.0
NDPK5	0.0	-0.0
NDPK6	0.0	0.0
NDPK7	0.0	-0.0
NDPK8	0.0	-0.0
NH4tex	10.134855130199869	0.0
NH4tpp	10.134855130199869	0.0
NHFRBO	0.0	-0.02915601067625484
NI2abcpp	0.0	-0.00833028876464409
NI2t3pp	0.0	-0.002082572191161036
NI2tex	0.0002961467637563559	0.0
NI2tpp	0.0002961467637563559	0.0
NI2uabcpp	0.0	-0.00833028876464409
NMNAT	0.0	0.0
NMNDA	0.0	-0.008330288764644145
NMNN	0.0	0.0
NMNPtpp	0.0	0.0
NMNt7pp	0.0	0.0
NMNtex	0.0	0.0
NNAM	0.0	-0.02499086629393235
NNATr	0.0021984315133560806	0.0
NNDMBRT	0.0	-0.19159664158681372
NNDPR	0.0021984315133560806	2.7755575615628914e-17
NO2t2rpp	0.0	-0.0
NO2tex	0.0	0.0
NO3R1bpp	0.0	-0.004165144382322072
NO3R1pp	0.0	0.0
NO3R2bpp	0.0	-0.004165144382322072
NO3R2pp	0.0	0.0
NO3t7pp	0.0	0.0
NO3tex	0.0	0.0
NODOx	0.0	0.0
NODOy	0.0	-0.0020825721911611472
NOVBCNtex	0.0	0.0
NOVBCNtpp	0.0	-0.002082572191161036
NOtex	0.0	0.0
NOtpp	0.0	0.0
NTD1	0.0	-0.008330288764644145
NTD10	0.0	0.0
NTD10pp	0.0	0.0
NTD11	0.0	0.0
NTD11pp	0.0	0.0
NTD12	0.0	0.0
NTD12pp	0.0	0.0
NTD1pp	0.0	0.0
NTD2	0.0	-0.00833028876464409
NTD2pp	0.0	0.0
NTD3	0.0	-0.01666057752928818
NTD3pp	0.0	0.0
NTD4	0.0	-0.00833028876464409
NTD4pp	0.0	0.0
NTD5	0.0	-0.00833028876464409
NTD5pp	0.0	0.0
NTD6	0.0	0.0
NTD6pp	0.0	0.0
NTD7	0.0	-0.00833028876464409
NTD7pp	0.0	0.0
NTD8	0.0	0.0
NTD8pp	0.0	0.0
NTD9	0.0	-0.00833028876464409
NTD9pp	0.0	0.0
NTP1	0.0	-0.00833028876464409
NTP10	0.0	-0.00833028876464409
NTP11	0.0	-0.3759042805045642
NTP12	0.0	-0.3384179810636656
NTP3	0.0	-0.00833028876464409
NTP3pp	0.0	0.0
NTP5	0.0	-0.00833028876464409
NTPP1	0.0	-0.00833028876464409
NTPP10	0.0	0.0
NTPP11	0.0	0.0
NTPP2	0.0	-0.00833028876464409
NTPP3	0.0	-0.00833028876464409
NTPP4	0.0	-0.00833028876464409
NTPP5	0.0	-0.00833028876464409
NTPP6	0.0	-0.00833028876464409
NTPP7	0.0	-0.00833028876464409
NTPP8	0.0	-0.00833028876464409
NTPP9	0.0	0.0
NTPTP1	0.0	0.0
NTPTP2	0.0	-0.00833028876464409
NTRIR2x	0.0	-0.06039459354367027
NTRIR3pp	0.0	-0.04373401601438154
NTRIR4pp	0.0	-0.04373401601438065
O16A4COLIPAabctex	0.0	2.7755575615628914e-17
O16A4Lpp	0.0	0.0
O16AP1pp	0.0	0.0
O16AP2pp	0.0	0.0
O16AP3pp	0.0	0.0
O16AT	0.0	5.551115123125783e-17
O16AUNDtpp	0.0	0.0
O16GALFT	0.0	-1.1102230246251565e-16
O16GLCT1	0.0	0.0
O16GLCT2	0.0	0.0
O2Stex	0.0	0.0
O2tex	18.588488997374125	0.0
O2tpp	18.588488997374125	0.0
OAADC	0.0	-0.008330288764643895
OBTFL	0.0	-0.04061015772764032
OCBT	0.2772589669017975	0.0
OCDCAtexi	0.0	0.0
OCDCEAtexi	0.0	0.0
OCTAtex	0.0	0.0
OCTDPS	0.0006453491366547301	2.7755575615628914e-17
OCTNLL	2.8939423168373545e-06	2.7755575615628914e-17
OGMEACPD	1.9292948778915698e-06	0.0
OGMEACPR	1.9292948778915698e-06	0.0
OGMEACPS	1.9292948778915698e-06	-5.551115123125783e-17
OHPBAT	0.00021511637888491002	0.0
OHPHM	0.00021511637888491002	0.0
OMBZLM	0.00021511637888491002	-2.220446049250313e-16
OMCDC	0.4223014265268078	0.0
OMMBLHX	0.00021511637888491002	0.0
OMMBLHX3	0.0	-0.002082572191160814
OMPDC	0.30899972623286953	0.0
OMPHHX	0.00021511637888491002	0.0
OMPHHX3	0.0	-0.002082572191160814
OP4ENH	0.0	0.0
OPHBDC	0.00021511637888491002	1.1102230246251565e-16
OPHHX	0.00021511637888491002	0.0
OPHHX3	0.0	-0.002082572191160814
OPMEACPD	1.9292948778915698e-06	0.0
OPMEACPR	1.9292948778915698e-06	0.0
OPMEACPS	1.9292948778915698e-06	0.0
ORNDC	0.038599402621976635	0.0
ORNabcpp	0.0	-0.006247716573483053
ORNtex	0.0	0.0
OROTt2_2pp	0.0	0.0
OROTtex	0.0	0.0
ORPT	-0.30899972623286953	-0.0
OXAMTC	0.0	0.0
OXCDC	0.0	0.0
OXCOAHDH	0.0	-5.551115123125783e-17
OXDHCOAT	0.0	5.551115123125783e-17
P5CD	0.0	-0.010412860955805237
P5CR	0.2072043405906767	0.0
PA120abcpp	0.0	2.7755575615628914e-17
PA140abcpp	0.0	2.7755575615628914e-17
PA141abcpp	0.0	2.7755575615628914e-17
PA160abcpp	0.0	2.7755575615628914e-17
PA161abcpp	0.0	2.7755575615628914e-17
PA180abcpp	0.0	2.7755575615628914e-17
PA181abcpp	0.0	-0.0020825721911607586
PACALDt2rpp	0.0	0.0
PACALDtex	0.0	0.0
PACCOAE	0.0	-5.551115123125783e-17
PACCOAL	0.0	-5.551115123125783e-17
PANTS	0.0005556369248325699	0.0
PAPA120	0.0	2.7755575615628914e-17
PAPA120pp	0.0	0.0
PAPA140	0.0	-0.00833028876464409
PAPA140pp	0.0	0.0
PAPA141	0.0	2.7755575615628914e-17
PAPA141pp	0.0	0.0
PAPA160	0.0	2.7755575615628914e-17
PAPA160pp	0.0	0.0
PAPA161	0.0	2.7755575615628914e-17
PAPA161pp	0.0	0.0
PAPA180	0.0	2.7755575615628914e-17
PAPA180pp	0.0	0.0
PAPA181	0.0	2.7755575615628914e-17
PAPA181pp	0.0	0.0
PAPPT3	0.026602082423807908	0.0
PAPSR	0.23909462027478517	0.0
PAPSR2	0.0	0.0
PDE1	0.0	0.0
PDE4	0.0	0.0
PDH	8.206061987933086	0.0
PDX5PO2	0.0	0.0
PDX5POi	0.00021511637888490986	1.6653345369377348e-16
PDX5PS	0.00021511637888491002	0.0
PDXPP	0.0	-0.00833028876464409
PE120abcpp	0.0	2.7755575615628914e-17
PE140abcpp	0.0	2.7755575615628914e-17
PE141abcpp	0.0	1.3877787807814457e-16
PE160abcpp	0.030673859263598068	-5.551115123125783e-17
PE161abcpp	0.023857660460007153	5.551115123125783e-17
PE180abcpp	0.0	2.7755575615628914e-17
PE181abcpp	0.01229636090424192	5.551115123125783e-17
PEAMNOpp	0.0	0.0
PEAMNtex	0.0	0.0
PERD	0.00021511637888491002	0.0
PETNT161pp	0.0	-0.09371574860224618
PETNT181pp	0.0	-0.09579832079340656
PFK	6.8372324586734	-5.551115123125783e-17
PFK_2	0.0	0.0
PFK_3	0.0	-5.551115123125783e-17
PFL	0.0	-0.0031238582867416653
PG120abcpp	0.0	2.7755575615628914e-17
PG140abcpp	0.0	-0.014578005338127198
PG141abcpp	0.0	2.7755575615628914e-17
PG160abcpp	0.01039889939183556	5.551115123125783e-17
PG161abcpp	0.008088568775560407	5.551115123125783e-17
PG180abcpp	0.0	2.7755575615628914e-17
PG181abcpp	0.004168241583684736	5.551115123125783e-17
PGAMT	-0.06892984739731	-0.0
PGCD	1.583219409666535	-5.551115123125783e-17
PGI	6.249411025150198	0.0
PGK	-16.125726302494996	-0.0
PGL	3.562538673806832	0.0
PGLYCP	0.0	0.0
PGM	-14.542506892828461	-0.0
PGMT	-0.18805030104296971	-0.0
PGP120abcpp	0.0	-0.0020825721911609807
PGP140abcpp	0.0	-0.016660577529288234
PGP141abcpp	0.0	-0.0020825721911609807
PGP160abcpp	0.0	-0.0020825721911609807
PGP161abcpp	0.0	-0.0020825721911609807
PGP180abcpp	0.0	-0.0020825721911609807
PGP181abcpp	0.0	-0.0020825721911609807
PGPP120	0.0	2.7755575615628914e-17
PGPP120pp	0.0	0.0
PGPP140	0.0	2.7755575615628914e-17
PGPP140pp	0.0	0.0
PGPP141	0.0	2.7755575615628914e-17
PGPP141pp	0.0	0.0
PGPP160	0.015904142325899158	0.0
PGPP160pp	0.0	0.0
PGPP161	0.012370638757040746	0.0
PGPP161pp	0.0	0.0
PGPP180	0.0	2.7755575615628914e-17
PGPP180pp	0.0	0.0
PGPP181	0.006375354923992691	0.0
PGPP181pp	0.0	0.0
PGSA120	0.0	3.3306690738754696e-16
PGSA140	0.0	0.0
PGSA141	0.0	6.661338147750939e-16
PGSA160	0.015904142325899158	0.0
PGSA161	0.012370638757040746	0.0
PGSA180	0.0	-2.220446049250313e-16
PGSA181	0.006375354923992693	0.0
PHEMEabcpp	0.0	-1.3828279349309227
PHEMEtiex	0.0	0.0
PHETA1	-0.17365679660645914	-0.0
PHETRS	0.0	-0.3623675612620176
PHEt2rpp	0.0	0.0
PHEtex	0.0	0.0
PHYTSpp	0.0	0.0
PIt2rpp	0.8943690144288329	2.7755575615628914e-17
PItex	0.8943690144288329	0.0
PIuabcpp	0.0	-0.006247716573482998
PLIPA1A120pp	0.0	0.0
PLIPA1A140pp	0.0	0.0
PLIPA1A141pp	0.0	0.0
PLIPA1A160pp	0.0	0.0
PLIPA1A161pp	0.0	0.0
PLIPA1A180pp	0.0	0.0
PLIPA1A181pp	0.0	0.0
PLIPA1E120pp	0.0	0.0
PLIPA1E140pp	0.0	5.551115123125783e-17
PLIPA1E141pp	0.0	0.0
PLIPA1E160pp	0.0	-0.00416514438232185
PLIPA1E161pp	0.0	0.0
PLIPA1E180pp	0.0	-0.004165144382322072
PLIPA1E181pp	0.0	0.0
PLIPA1G120pp	0.0	0.0
PLIPA1G140pp	0.0	-5.551115123125783e-17
PLIPA1G141pp	0.0	-5.551115123125783e-17
PLIPA1G160pp	0.0	-0.00416514438232185
PLIPA1G161pp	0.0	0.0
PLIPA1G180pp	0.0	0.0
PLIPA1G181pp	0.0	4.440892098500626e-16
PLIPA2A120pp	0.0	0.0
PLIPA2A140pp	0.0	0.0
PLIPA2A141pp	0.0	0.0
PLIPA2A160pp	0.0	0.0
PLIPA2A161pp	0.0	0.0
PLIPA2A180pp	0.0	0.0
PLIPA2A181pp	0.0	0.0
PLIPA2E120pp	0.0	0.0
PLIPA2E140pp	0.0	-0.016660577529288068
PLIPA2E141pp	0.0	0.0
PLIPA2E160pp	0.0	0.0
PLIPA2E161pp	0.0	0.0
PLIPA2E180pp	0.0	-5.551115123125783e-17
PLIPA2E181pp	0.0	1.1102230246251565e-16
PLIPA2G120pp	0.0	-2.220446049250313e-16
PLIPA2G140pp	0.0	-0.016660577529288734
PLIPA2G141pp	0.0	-4.440892098500626e-16
PLIPA2G160pp	0.0	0.0
PLIPA2G161pp	0.0	0.0
PLIPA2G180pp	0.0	0.0
PLIPA2G181pp	0.0	0.0
PMANM	0.0	0.0
PMDPHT	0.00043023275776998257	0.0
PMEACPE	1.9292948778915698e-06	0.0
PMPK	0.00021511637888491002	0.0
PNTK	0.0005556369248325699	0.0
PNTOt4pp	0.0	0.0
PNTOtex	0.0	0.0
POAACR	0.0	0.0
POR5	0.10366101378911403	0.0
POX	0.0	-0.014578005338127475
PPA	0.0	-0.00833028876464409
PPA2	0.0	-0.00833028876464409
PPAKr	0.0	-0.0
PPALtex	0.0	0.0
PPALtpp	0.0	-0.0
PPAt4pp	0.0	0.0
PPAtex	0.0	0.0
PPBNGS	0.0025813965466189204	0.0
PPC	2.821725915615556	-5.551115123125783e-17
PPCDC	0.0005556369248325699	0.0
PPCK	0.0	-0.008330288764643978
PPCSCT	0.0	-2.220446049250313e-16
PPGPPDP	0.0	0.0
PPK2r	-0.00021511637888491002	-0.0
PPKr	-4.037948583401201	-0.0
PPM	0.0	0.0
PPM2	0.0	0.0
PPNCL2	0.0005556369248325699	2.7755575615628914e-17
PPND	0.12947112066554747	0.0
PPNDH	0.17365679660645914	0.0
PPPGO	0.0	-0.024990866293932434
PPPGO3	0.00043023275776982005	0.0
PPPNDO	0.0	0.0
PPPNt2rpp	0.0	0.0
PPPNtex	0.0	0.0
PPS	0.0	-0.0083302887646442
PPTHpp	0.0	0.0
PPTtex	0.0	0.0
PRAGSr	0.41970363097372504	1.1102230246251565e-16
PRAIS	0.41970363097372504	0.0
PRAIi	0.05328133664273148	0.0
PRAMPC	0.08880158463959317	0.0
PRASCSi	0.41948851459484016	0.0
PRATPP	0.08880158463959317	2.7755575615628914e-17
PRFGS	0.41970363097372504	0.0
PRMICI	0.08880158463959317	0.0
PROD2	0.0	-0.002082572191161036
PROGLYabcpp	0.0	0.0
PROGLYtex	0.0	0.0
PROTRS	0.0	-0.19784435816029777
PROabcpp	0.0	-0.006247716573483053
PROt2rpp	0.0	0.0
PROt4pp	0.0	0.0
PROtex	0.0	0.0
PRPPS	0.8810057534571095	0.0
PSCLYSt2pp	0.0	0.0
PSCLYStex	0.0	0.0
PSCVT	0.358775534082472	0.0
PSD120	0.0	0.0
PSD140	0.0	0.0
PSD141	0.0	0.0
PSD160	0.042602689493601645	0.0
PSD161	0.03313563952778771	0.0
PSD180	0.0	0.0
PSD181	0.01707811825909617	0.0
PSERT	1.583219409666535	0.0
PSERtex	0.0	0.0
PSP_L	1.583219409666535	0.0
PSP_Lpp	0.0	0.0
PSSA120	0.0	1.1102230246251565e-16
PSSA140	0.0	-0.014578005338127809
PSSA141	0.0	5.551115123125783e-17
PSSA160	0.042602689493601645	5.551115123125783e-17
PSSA161	0.03313563952778771	5.551115123125783e-17
PSSA180	0.0	5.551115123125783e-17
PSSA181	0.01707811825909617	-5.551115123125783e-17
PTA2	0.0	0.0
PTAr	0.0	-1.1102230246251565e-16
PTHRpp	0.0	0.0
PTPATi	0.0005556369248325699	-2.7755575615628914e-17
PTRCORNt7pp	0.0	-0.0
PTRCTA	0.0	-0.024990866293932545
PTRCabcpp	0.0	-0.006247716573483053
PTRCt2pp	0.0	0.0
PTRCtex	0.0	0.0
PUNP1	0.0	-2.7755575615628914e-17
PUNP2	0.0	0.0
PUNP3	0.0	-5.551115123125783e-17
PUNP4	0.0	0.0
PUNP5	0.0	0.0
PUNP6	0.0	1.3877787807814457e-17
PUNP7	0.0	0.0
PYAM5PO	0.0	0.0
PYDAMK	0.0	0.0
PYDAMtex	0.0	0.0
PYDAMtpp	0.0	0.0
PYDXK	0.0	0.0
PYDXNK	0.0	0.0
PYDXNtex	0.0	0.0
PYDXNtpp	0.0	0.0
PYDXPP	0.0	-0.00833028876464409
PYDXtex	0.0	0.0
PYDXtpp	0.0	0.0
PYK	0.0	1.1102230246251565e-16
PYNP2r	0.0	-1.3877787807814457e-17
PYROX	0.0	0.0
PYRt2rpp	0.0	-0.0
PYRtex	0.0	0.0
QMO2	0.0	-0.012495433146966217
QMO3	0.0	-0.012495433146966217
QUIN2tex	0.0	0.0
QUIN2tpp	0.0	0.0
QUINDH	0.0	0.0
QULNS	0.0021984315133560806	6.938893903907228e-18
R15BPK	0.0	0.0
R1PK	0.0	0.0
R5PP	0.0	-0.00833028876464409
R5PPpp	0.0	0.0
R5Ptex	0.0	0.0
RBFK	0.00021511637888507255	5.551115123125783e-17
RBFSa	0.0008604655155399651	1.3877787807814457e-17
RBFSb	0.00043023275776998257	0.0
RBK	0.0	0.0
RBK_L1	0.0	0.0
RBP4E	0.0	0.0
REPHACCOAI	0.0	0.0
RFAMPtex	0.0	0.0
RFAMPtpp	0.0	-0.002082572191161036
RHAT1	0.007862841274847092	-1.6653345369377348e-16
RHCCE	0.0012926275681873767	0.0
RIBabcpp	0.0	0.0
RIBtex	0.0	0.0
RMI	0.0	0.0
RMK	0.0	0.0
RMNtex	0.0	0.0
RMNtpp	0.0	0.0
RMPA	0.0	-6.938893903907228e-18
RNDR1	0.0	-0.0020825721911611472
RNDR1b	0.0	-0.0020825721911611472
RNDR2	0.0	-0.0020825721911611472
RNDR2b	0.0	-0.0020825721911611472
RNDR3	0.0	-0.0020825721911611472
RNDR3b	0.0	-0.0020825721911611472
RNDR4	0.0	-0.0020825721911611472
RNDR4b	0.0	-0.0020825721911611472
RNTR1c2	0.023928079723050194	0.0
RNTR2c2	0.024706550206279442	0.0
RNTR3c2	0.024706550206279442	0.0
RNTR4c2	0.023928079723050194	0.0
RPE	1.6412419488195127	0.0
RPI	-1.8968477356472384	-0.0
RZ5PP	0.0	0.0
S2FE2SR	0.0	-0.004165144382322017
S2FE2SS	0.0	0.0
S2FE2SS2	0.0	0.0
S2FE2ST	0.0	2.7755575615628914e-17
S4FE4SR	0.0	0.0
S4FE4ST	0.0	0.0
S7PI	0.03145136509938837	0.0
SADH	0.0	0.0
SADT2	0.23909462027478517	0.0
SARCOX	0.0	0.0
SBTPD	0.0	0.0
SBTptspp	0.0	0.0
SBTtex	0.0	0.0
SCYSDS	0.0	-0.0041651443823220585
SDPDS	0.348261841645402	0.0
SDPTA	-0.348261841645402	-0.0
SELCYSS	0.0	-0.06247716573483131
SELGTHR	0.0	0.0
SELGTHR2	0.0	-5.551115123125783e-17
SELGTHR3	0.0	-5.551115123125783e-17
SELNPS	0.0	0.0
SELR	0.0	-0.008330288764644145
SELtex	0.0	0.0
SELtpp	0.0	-0.004165144382322072
SEPHCHCS	0.00043023275776982005	0.0
SERASr	0.0006453491366547301	0.0
SERAT	0.23909462027478517	0.0
SERD_D	0.0	-0.010412860955805042
SERD_L	0.0	-0.010412860955805042
SERTRS	0.0	-0.09579832079340694
SERTRS2	0.0	-0.09579832079340694
SERt2rpp	0.0	0.0
SERt4pp	0.0	0.0
SERtex	0.0	0.0
SFGTHi	0.0	0.0
SGDS	0.0	0.0
SGSAD	0.0	0.0
SHCHCS3	0.00043023275776982005	-1.3877787807814457e-17
SHCHD2	0.00021511637888491002	0.0
SHCHF	0.00021511637888491002	-9.974659986866641e-18
SHK3Dr	0.358775534082472	-1.1102230246251565e-16
SHKK	0.358775534082472	0.0
SHSL1	0.15077921794442087	-2.7755575615628914e-17
SKMt2pp	0.0	0.0
SKMtex	0.0	0.0
SLNTtex	0.0	0.0
SLNTtpp	0.0	-0.002082572191161036
SO2tex	0.0	0.0
SO2tpp	0.0	0.0
SO3tex	0.0	0.0
SO4t2pp	0.24307475560787548	0.0
SO4tex	0.24307475560787548	0.0
SOTA	0.0	0.0
SPMDAT1	0.0	-0.7632627080605173
SPMDAT2	0.0	-0.7632627080605173
SPMDabcpp	0.0	0.0
SPMDt3pp	0.0	-0.010412860955805181
SPMDtex	0.0	0.0
SPMS	0.006505582328250373	0.0
SPODM	0.0	0.01874314972044966
SPODMpp	0.0	0.0
SSALx	0.0	-0.002082572191161036
SSALy	0.0	5.551115123125783e-17
SUCASPtpp	0.0	-0.002082572191161036
SUCBZL	0.00043023275776982005	1.6653345369377348e-16
SUCBZS	0.00043023275776982005	0.0
SUCCt2_2pp	0.0	0.0
SUCCt2_3pp	0.0	-0.002082572191161036
SUCCt3pp	0.0	-0.006247716573483109
SUCCtex	0.0	-0.0
SUCDi	4.375810679963861	0.0
SUCFUMtpp	0.0	0.0
SUCMALtpp	0.0	1.3877787807814457e-17
SUCOAS	-3.8754789221007284	-5.551115123125783e-17
SUCRtex	0.0	0.0
SUCTARTtpp	0.0	0.002082572191161036
SUCptspp	0.0	-1.3877787807814457e-17
SULFACabcpp	0.0	0.0
SULFACtex	0.0	0.0
SULRi	0.23909462027478517	0.0
SULabcpp	0.0	-0.006247716573483053
T2DECAI	0.0	-0.0
TAGURr	0.0	-0.0
TALA	0.9843906170907406	0.0
TARTD	0.0	0.0
TARTRDtex	0.0	0.0
TARTRt7pp	0.0	0.0
TARTRtex	0.0	0.0
TARTt2_3pp	0.0	0.0
TAUDO	0.0	0.0
TAURabcpp	0.0	0.0
TAURtex	0.0	0.0
TCYNTtex	0.0	0.0
TDP	0.0	-0.008330288764644145
TDPADGAT	0.0	0.0
TDPAGTA	0.0	0.0
TDPDRE	0.007862841274847092	0.0
TDPDRR	0.007862841274847092	0.0
TDPGDH	0.007862841274847092	0.0
TDSK	0.007862841274847092	-1.1102230246251565e-16
TDSR1	0.0	-0.0166605775292884
TDSR2	0.0	-0.0166605775292884
TGBPA	0.0	0.0
THD2pp	0.0	-0.002082572191160925
THDPS	0.348261841645402	0.0
THFAT	0.0	0.0
THIORDXi	0.0	-0.031238582867415987
THMDt2pp	0.0	0.0
THMDt2rpp	0.0	0.0
THMDtex	0.0	0.0
THMabcpp	0.0	2.7755575615628914e-17
THMtex	0.0	0.0
THRA2i	0.0	-0.0020825721911610084
THRAi	0.0	-0.023949580198352305
THRD	0.0	-0.02394958019835247
THRD_L	0.27232575989902874	0.0
THRPtex	0.0	0.0
THRS	0.5101171414837985	0.0
THRTRS	0.0	-0.16035805871939923
THRabcpp	0.0	-0.006247716573483053
THRt2pp	0.0	-0.004165144382322072
THRt2rpp	0.0	0.0
THRt4pp	0.0	0.0
THRtex	0.0	0.0
THYMt3pp	0.0	-0.16139934481497942
THYMtex	0.0	0.0
THZPSN3	0.00021511637888491002	2.7755575615628914e-17
TKT1	1.015841982190129	-1.3877787807814457e-17
TKT2	0.6253999666293837	2.7755575615628914e-17
TMAOR1	0.0	-2.220446049250313e-16
TMAOR1pp	0.0	-0.008330288764644145
TMAOR2	0.0	0.0
TMAOR2pp	0.0	-0.008330288764644145
TMAOtex	0.0	0.0
TMAtex	0.0	-0.0
TMDK1	0.0	0.0
TMDPP	0.0	-0.0
TMDS	0.023928079723050194	0.0
TMK	0.0	0.0
TMPK	0.00021511637888491002	0.0
TMPPP	0.00021511637888491002	8.326672684688674e-17
TPI	7.6321438593387025	0.0
TPRDCOAS	0.0	-2.7755575615628914e-17
TRDR	0.23909462027478517	0.0
TRE6PH	0.0	0.0
TRE6PP	0.0	-0.00833028876464409
TRE6PS	0.0	-0.00833028876464409
TREH	0.0	0.0
TREHpp	0.0	5.551115123125783e-17
TREptspp	0.0	-1.3877787807814457e-17
TREtex	0.0	0.0
TRPAS2	-0.05328133664273148	-0.0
TRPS1	0.0	-0.01041286095580507
TRPS2	0.0	-0.01041286095580507
TRPS3	0.05328133664273148	-6.938893903907228e-18
TRPTRS	0.0	-0.431092443570331
TRPt2rpp	0.0	0.0
TRPtex	0.0	0.0
TRSARr	0.0	1.1102230246251565e-16
TSULabcpp	0.0	-0.00833028876464409
TSULtex	0.0	0.0
TTDCAtexi	0.0	0.0
TTDCEAtexi	0.0	0.0
TTRCYCtex	0.0	0.0
TTRCYCtpp	0.0	-0.002082572191161036
TUNGSabcpp	0.0	-0.00833028876464409
TUNGStex	0.0	0.0
TYMtex	0.0	0.0
TYRL	0.00021511637888491002	0.0
TYROXDApp	0.0	0.0
TYRPpp	0.0	0.0
TYRPtex	0.0	0.0
TYRTA	-0.12947112066554747	-0.0
TYRTRS	0.0	-0.3477895559238903
TYRt2rpp	0.0	0.0
TYRtex	0.0	0.0
ThDPAT	0.0	-1.4859152583933897
U23GAAT	0.015725682549694184	0.0
UAAGDS	0.026602082423807908	-2.7755575615628914e-17
UACGALPpp	0.0	0.0
UACGAMPpp	0.0	0.0
UACGAMtex	0.0	0.0
UACMAMO	0.0	0.0
UAG2E	0.0	0.0
UAGAAT	0.015725682549694184	0.0
UAGCVT	0.026602082423807908	2.7755575615628914e-17
UAGDP	0.06892984739731	0.0
UAGPT3	0.026602082423807908	0.0
UAMAGS	0.026602082423807908	0.0
UAMAS	0.026602082423807908	1.3877787807814457e-17
UAPGR	0.026602082423807908	1.1102230246251565e-16
UDCPDP	0.026602082423807908	0.0
UDCPDPS	5.3055609142017676e-05	0.0
UDCPDPpp	0.0	0.0
UDCPPtppi	0.0	0.0
UDPACGALtex	0.0	0.0
UDPG4E	0.0	-0.0
UDPGALM	0.0	-0.5060650424521278
UDPGALPpp	0.0	0.0
UDPGALtex	0.0	0.0
UDPGD	0.0	-0.47899160396703433
UDPGDC	0.0	0.0
UDPGLCURtex	0.0	0.0
UDPGPpp	0.0	1.3877787807814457e-17
UDPGtex	0.0	0.0
UDPKAAT	0.0	0.0
UGLCURPpp	0.0	0.0
UGLT	0.0	0.0
UGLYCH	0.0	0.0
UGMDDS	0.026602082423807908	2.7755575615628914e-17
UHGADA	0.015725682549694184	-5.551115123125783e-17
ULA4NFT	0.0	0.0
ULA4Ntppi	0.0	0.0
UM3PL	0.0	2.7755575615628914e-17
UM4PCP	0.0	1.3877787807814457e-17
UM4PL	0.0	-0.0020825721911609807
UMPK	0.34346464993152453	0.0
UMPtex	0.0	0.0
UPLA4FNF	0.0	0.0
UPLA4FNT	0.0	-2.353306576011957
UPP3MT	0.00021511637888491002	-1.1102230246251565e-16
UPP3S	0.0006453491366547301	0.0
UPPDC1	0.00043023275776982005	0.0
UPPRT	0.0	0.0
URACPAH	0.0	0.0
URAt2pp	0.0	0.0
URAt2rpp	0.0	0.0
URAtex	0.0	0.0
URDGLYCD	0.0	-0.018743149720449992
UREAtex	0.0	0.0
UREAtpp	0.0	0.0
URIC	0.0	0.0
URIH	0.0	-0.008330288764644117
URIK2	0.0	0.0
URIt2pp	0.0	0.0
URIt2rpp	0.0	0.0
URItex	0.0	0.0
USHD	0.007862841274847092	0.0
VALTA	-0.3966475925354836	-0.0
VALTRS	0.0	-0.19576178596913651
VALabcpp	0.0	-0.006247716573483053
VALt2rpp	0.0	0.0
VALtex	0.0	0.0
VPAMTr	0.0	0.0
WCOS	0.0	-0.5904092161941527
X5PL3E	0.0	0.0
XAND	0.0	0.0
XANt2pp	0.0	-0.002082572191161036
XANtex	0.0	-0.0
XANtpp	0.0	-0.0
XMPtex	0.0	0.0
XPPT	0.0	-0.008330288764644117
XTSNH	0.0	-0.00833028876464409
XTSNt2rpp	0.0	0.0
XTSNtex	0.0	0.0
XYLI1	0.0	0.0
XYLI2	0.0	0.0
XYLK	0.0	0.0
XYLK2	0.0	0.0
XYLUt2pp	0.0	0.0
XYLUtex	0.0	0.0
XYLabcpp	0.0	-0.006247716573483053
XYLt2pp	0.0	0.0
XYLtex	0.0	0.0
ZN2abcpp	0.0	-0.00833028876464409
ZN2t3pp	0.0	-0.002082572191161036
ZN2tpp	0.0003125457702184343	0.0
ZNabcpp	0.0	-0.00833028876464409
Zn2tex	0.0003125457702184343	0.0
